slug,name,positions,age,team,games_played,games_started,start_percentage,minutes_pg,minutes_played,points,points_pg,field_goal_per,made_field_goals,attempted_field_goals,made_three_point_field_goals,free_throw_per,made_free_throws,attempted_free_throws,rebounds,rebounds_pg,assists,assists_pg,steals,steals_pg,blocks,blocks_pg,ATO
abrinal01,Álex Abrines,[<Position.SHOOTING_GUARD: 'SHOOTING GUARD'>],25,Team.OKLAHOMA_CITY_THUNDER,62,4,0.06,18.97,1176,330,5.32,0.36,112,314,82,0.92,24,26,96,1.55,40,0.65,34,0.55,12,0.19,1.43
acyqu01,Quincy Acy,[<Position.POWER_FORWARD: 'POWER FORWARD'>],28,Team.PHOENIX_SUNS,10,0,0.0,12.3,123,17,1.7,0.22,4,18,2,0.7,7,10,25,2.5,8,0.8,1,0.1,4,0.4,2.0
adamsja01,Jaylen Adams,[<Position.POINT_GUARD: 'POINT GUARD'>],22,Team.ATLANTA_HAWKS,34,1,0.03,12.59,428,108,3.18,0.35,38,110,25,0.78,7,9,60,1.76,65,1.91,14,0.41,5,0.15,2.32
adamsst01,Steven Adams,[<Position.CENTER: 'CENTER'>],25,Team.OKLAHOMA_CITY_THUNDER,80,80,1.0,33.36,2669,1108,13.85,0.59,481,809,0,0.5,146,292,760,9.5,124,1.55,117,1.46,76,0.95,0.92
adebaba01,Bam Adebayo,[<Position.CENTER: 'CENTER'>],21,Team.MIAMI_HEAT,82,28,0.34,23.33,1913,729,8.89,0.58,280,486,3,0.73,166,226,597,7.28,184,2.24,71,0.87,65,0.79,1.52
adelde01,Deng Adel,[<Position.SMALL_FORWARD: 'SMALL FORWARD'>],21,Team.CLEVELAND_CAVALIERS,19,3,0.16,10.21,194,32,1.68,0.31,11,36,6,1.0,4,4,19,1.0,5,0.26,1,0.05,4,0.21,0.83
akoonde01,DeVaughn Akoon-Purcell,[<Position.SHOOTING_GUARD: 'SHOOTING GUARD'>],25,Team.DENVER_NUGGETS,7,0,0.0,3.14,22,7,1.0,0.3,3,10,0,0.5,1,2,4,0.57,6,0.86,2,0.29,0,0.0,3.0
aldrila01,LaMarcus Aldridge,[<Position.CENTER: 'CENTER'>],33,Team.SAN_ANTONIO_SPURS,81,81,1.0,33.17,2687,1727,21.32,0.52,684,1319,10,0.85,349,412,744,9.19,194,2.4,43,0.53,107,1.32,1.35
alkinra01,Rawle Alkins,[<Position.SHOOTING_GUARD: 'SHOOTING GUARD'>],21,Team.CHICAGO_BULLS,10,1,0.1,12.0,120,37,3.7,0.33,13,39,3,0.67,8,12,26,2.6,13,1.3,1,0.1,0,0.0,1.62
allengr01,Grayson Allen,[<Position.SHOOTING_GUARD: 'SHOOTING GUARD'>],23,Team.UTAH_JAZZ,38,2,0.05,10.95,416,211,5.55,0.38,67,178,32,0.75,45,60,23,0.61,25,0.66,6,0.16,6,0.16,0.76
allenja01,Jarrett Allen,[<Position.CENTER: 'CENTER'>],20,Team.BROOKLYN_NETS,80,80,1.0,26.2,2096,873,10.91,0.59,335,568,6,0.71,197,278,672,8.4,110,1.38,43,0.54,120,1.5,1.07
allenka01,Kadeem Allen,[<Position.POINT_GUARD: 'POINT GUARD'>],26,Team.NEW_YORK_KNICKS,19,1,0.05,21.89,416,189,9.95,0.46,65,141,17,0.78,42,54,51,2.68,76,4.0,16,0.84,4,0.21,2.92
aminual01,Al-Farouq Aminu,[<Position.POWER_FORWARD: 'POWER FORWARD'>],28,Team.PORTLAND_TRAIL_BLAZERS,81,81,1.0,28.3,2292,760,9.38,0.43,257,593,96,0.87,150,173,610,7.53,104,1.28,68,0.84,33,0.41,1.44
anderju01,Justin Anderson,[<Position.SMALL_FORWARD: 'SMALL FORWARD'>],25,Team.ATLANTA_HAWKS,48,4,0.08,9.65,463,178,3.71,0.41,64,157,24,0.74,26,35,84,1.75,23,0.48,22,0.46,13,0.27,1.0
anderky01,Kyle Anderson,[<Position.SMALL_FORWARD: 'SMALL FORWARD'>],25,Team.MEMPHIS_GRIZZLIES,43,40,0.93,29.79,1281,346,8.05,0.54,150,276,9,0.58,37,64,251,5.84,128,2.98,54,1.26,37,0.86,2.21
anderry01,Ryan Anderson,[<Position.POWER_FORWARD: 'POWER FORWARD'>],30,Team.PHOENIX_SUNS,25,8,0.32,12.88,322,63,2.52,0.3,21,69,9,0.75,12,16,54,2.16,19,0.76,4,0.16,1,0.04,1.36
anigbik01,Ike Anigbogu,[<Position.CENTER: 'CENTER'>],20,Team.INDIANA_PACERS,3,0,0.0,2.0,6,0,0.0,0.0,0,3,0,0,0,0,3,1.0,1,0.33,0,0.0,1,0.33,1.0
antetgi01,Giannis Antetokounmpo,[<Position.POWER_FORWARD: 'POWER FORWARD'>],24,Team.MILWAUKEE_BUCKS,72,72,1.0,32.75,2358,1994,27.69,0.58,721,1247,52,0.73,500,686,898,12.47,424,5.89,92,1.28,110,1.53,1.58
antetko01,Kostas Antetokounmpo,[<Position.POWER_FORWARD: 'POWER FORWARD'>],21,Team.DALLAS_MAVERICKS,2,0,0.0,5.5,11,2,1.0,0.0,0,3,0,0.5,2,4,1,0.5,0,0.0,2,1.0,0,0.0,0.0
anthoca01,Carmelo Anthony,[<Position.POWER_FORWARD: 'POWER FORWARD'>],34,Team.HOUSTON_ROCKETS,10,2,0.2,29.4,294,134,13.4,0.4,49,121,21,0.68,15,22,54,5.4,5,0.5,4,0.4,7,0.7,0.62
anunoog01,OG Anunoby,[<Position.SMALL_FORWARD: 'SMALL FORWARD'>],21,Team.TORONTO_RAPTORS,67,6,0.09,20.18,1352,469,7.0,0.45,183,404,67,0.58,36,62,197,2.94,47,0.7,46,0.69,22,0.33,0.85
arcidry01,Ryan Arcidiacono,[<Position.POINT_GUARD: 'POINT GUARD'>],24,Team.CHICAGO_BULLS,81,32,0.4,24.21,1961,544,6.72,0.45,187,418,81,0.87,89,102,219,2.7,269,3.32,65,0.8,4,0.05,4.27
arizatr01,Trevor Ariza,[<Position.SMALL_FORWARD: 'SMALL FORWARD'>],33,Team.PHOENIX_SUNS,69,69,1.0,34.04,2349,863,12.51,0.4,294,736,145,0.79,130,164,371,5.38,252,3.65,91,1.32,21,0.3,2.38
augusdj01,D.J. Augustin,[<Position.POINT_GUARD: 'POINT GUARD'>],31,Team.ORLANDO_MAGIC,81,81,1.0,28.01,2269,948,11.7,0.47,318,677,131,0.87,181,209,203,2.51,426,5.26,52,0.64,4,0.05,3.33
aytonde01,Deandre Ayton,[<Position.CENTER: 'CENTER'>],20,Team.PHOENIX_SUNS,71,70,0.99,30.75,2183,1159,16.32,0.59,509,870,0,0.75,141,189,729,10.27,125,1.76,61,0.86,67,0.94,0.99
bacondw01,Dwayne Bacon,[<Position.SHOOTING_GUARD: 'SHOOTING GUARD'>],23,Team.CHARLOTTE_HORNETS,43,13,0.3,17.65,759,316,7.35,0.47,122,257,38,0.74,34,46,89,2.07,47,1.09,12,0.28,5,0.12,2.61
baglema01,Marvin Bagley III,[<Position.POWER_FORWARD: 'POWER FORWARD'>],19,Team.SACRAMENTO_KINGS,62,4,0.06,25.27,1567,923,14.89,0.5,356,706,30,0.69,181,262,471,7.6,62,1.0,33,0.53,59,0.95,0.63
bakerro01,Ron Baker,[<Position.SHOOTING_GUARD: 'SHOOTING GUARD'>],25,Team.NEW_YORK_KNICKS,15,0,0.0,10.13,152,14,0.93,0.2,4,20,1,0.83,5,6,11,0.73,15,1.0,6,0.4,1,0.07,3.0
baldwwa01,Wade Baldwin,[<Position.POINT_GUARD: 'POINT GUARD'>],22,Team.PORTLAND_TRAIL_BLAZERS,16,0,0.0,5.88,94,30,1.88,0.3,10,33,2,0.73,8,11,15,0.94,12,0.75,1,0.06,2,0.12,0.86
balllo01,Lonzo Ball,[<Position.POINT_GUARD: 'POINT GUARD'>],21,Team.LOS_ANGELES_LAKERS,47,45,0.96,30.28,1423,465,9.89,0.41,185,456,75,0.42,20,48,251,5.34,255,5.43,69,1.47,19,0.4,2.48
bambamo01,Mo Bamba,[<Position.CENTER: 'CENTER'>],20,Team.ORLANDO_MAGIC,47,1,0.02,16.3,766,292,6.21,0.48,117,243,21,0.59,37,63,233,4.96,39,0.83,13,0.28,64,1.36,0.91
bareajo01,J.J. Barea,[<Position.POINT_GUARD: 'POINT GUARD'>],34,Team.DALLAS_MAVERICKS,38,0,0.0,19.79,752,415,10.92,0.42,161,385,38,0.71,55,78,95,2.5,211,5.55,22,0.58,1,0.03,2.93
barneha02,Harrison Barnes,[<Position.POWER_FORWARD: 'POWER FORWARD'>],26,Team.DALLAS_MAVERICKS,77,77,1.0,32.9,2533,1265,16.43,0.42,431,1027,174,0.82,229,278,361,4.69,115,1.49,50,0.65,13,0.17,1.17
bartowi01,Will Barton,[<Position.SMALL_FORWARD: 'SMALL FORWARD'>],28,Team.DENVER_NUGGETS,43,38,0.88,27.65,1189,494,11.49,0.4,185,460,67,0.77,57,74,199,4.63,124,2.88,18,0.42,22,0.51,1.91
bateske01,Keita Bates-Diop,[<Position.SMALL_FORWARD: 'SMALL FORWARD'>],23,Team.MINNESOTA_TIMBERWOLVES,30,3,0.1,16.77,503,151,5.03,0.42,60,142,13,0.64,18,28,83,2.77,17,0.57,18,0.6,14,0.47,1.21
batumni01,Nicolas Batum,[<Position.SMALL_FORWARD: 'SMALL FORWARD'>],30,Team.CHARLOTTE_HORNETS,75,72,0.96,31.39,2354,699,9.32,0.45,253,562,116,0.87,77,89,390,5.2,247,3.29,71,0.95,43,0.57,2.11
bayleje01,Jerryd Bayless,[<Position.POINT_GUARD: 'POINT GUARD'>],30,Team.MINNESOTA_TIMBERWOLVES,34,6,0.18,19.32,657,209,6.15,0.36,82,230,29,0.57,16,28,62,1.82,119,3.5,18,0.53,2,0.06,3.72
baynear01,Aron Baynes,[<Position.CENTER: 'CENTER'>],32,Team.BOSTON_CELTICS,51,18,0.35,16.1,821,284,5.57,0.47,105,223,21,0.85,53,62,240,4.71,57,1.12,12,0.24,34,0.67,1.43
bazemke01,Kent Bazemore,[<Position.SHOOTING_GUARD: 'SHOOTING GUARD'>],29,Team.ATLANTA_HAWKS,67,35,0.52,24.52,1643,779,11.63,0.4,278,691,96,0.73,127,175,261,3.9,152,2.27,89,1.33,42,0.63,1.26
bealbr01,Bradley Beal,[<Position.SHOOTING_GUARD: 'SHOOTING GUARD'>],25,Team.WASHINGTON_WIZARDS,82,82,1.0,36.93,3028,2099,25.6,0.47,764,1609,209,0.81,362,448,411,5.01,448,5.46,121,1.48,58,0.71,2.0
beaslma01,Malik Beasley,[<Position.SHOOTING_GUARD: 'SHOOTING GUARD'>],22,Team.DENVER_NUGGETS,81,18,0.22,23.2,1879,917,11.32,0.47,349,737,163,0.85,56,66,200,2.47,97,1.2,55,0.68,10,0.12,1.76
beaslmi01,Michael Beasley,[<Position.POWER_FORWARD: 'POWER FORWARD'>],30,Team.LOS_ANGELES_LAKERS,26,2,0.08,10.65,277,181,6.96,0.49,75,153,3,0.72,28,39,60,2.31,25,0.96,9,0.35,10,0.38,0.93
belinma01,Marco Belinelli,[<Position.SHOOTING_GUARD: 'SHOOTING GUARD'>],32,Team.SAN_ANTONIO_SPURS,79,1,0.01,22.97,1815,829,10.49,0.41,285,690,147,0.9,112,124,198,2.51,132,1.67,35,0.44,8,0.1,1.83
belljo01,Jordan Bell,[<Position.CENTER: 'CENTER'>],24,Team.GOLDEN_STATE_WARRIORS,68,3,0.04,11.59,788,223,3.28,0.52,99,192,0,0.61,25,41,184,2.71,76,1.12,20,0.29,51,0.75,1.81
bembrde01,DeAndre' Bembry,[<Position.SHOOTING_GUARD: 'SHOOTING GUARD'>],24,Team.ATLANTA_HAWKS,82,15,0.18,23.55,1931,687,8.38,0.45,275,616,50,0.64,87,136,358,4.37,202,2.46,105,1.28,41,0.5,1.42
bendedr01,Dragan Bender,[<Position.POWER_FORWARD: 'POWER FORWARD'>],21,Team.PHOENIX_SUNS,46,27,0.59,17.96,826,230,5.0,0.45,88,197,22,0.59,32,54,183,3.98,56,1.22,18,0.39,22,0.48,1.51
bertada02,Dairis Bertāns,[<Position.SHOOTING_GUARD: 'SHOOTING GUARD'>],29,Team.NEW_ORLEANS_PELICANS,12,0,0.0,13.92,167,34,2.83,0.26,12,47,10,0,0,0,9,0.75,10,0.83,1,0.08,0,0.0,5.0
bertada01,Dāvis Bertāns,[<Position.POWER_FORWARD: 'POWER FORWARD'>],26,Team.SAN_ANTONIO_SPURS,76,12,0.16,21.47,1632,606,7.97,0.45,204,453,145,0.88,53,60,264,3.47,100,1.32,35,0.46,33,0.43,2.33
beverpa01,Patrick Beverley,[<Position.POINT_GUARD: 'POINT GUARD'>],30,Team.LOS_ANGELES_CLIPPERS,78,49,0.63,27.4,2137,596,7.64,0.41,194,477,112,0.78,96,123,388,4.97,300,3.85,67,0.86,43,0.55,3.53
birchkh01,Khem Birch,[<Position.CENTER: 'CENTER'>],26,Team.ORLANDO_MAGIC,50,1,0.02,12.86,643,240,4.8,0.6,91,151,0,0.7,58,83,190,3.8,38,0.76,18,0.36,29,0.58,1.9
biyombi01,Bismack Biyombo,[<Position.CENTER: 'CENTER'>],26,Team.CHARLOTTE_HORNETS,54,32,0.59,14.5,783,236,4.37,0.57,89,156,0,0.64,58,91,247,4.57,33,0.61,11,0.2,41,0.76,0.97
bjeline01,Nemanja Bjelica,[<Position.POWER_FORWARD: 'POWER FORWARD'>],30,Team.SACRAMENTO_KINGS,77,70,0.91,23.22,1788,741,9.62,0.48,284,593,103,0.76,70,92,444,5.77,147,1.91,54,0.7,56,0.73,1.79
blakean01,Antonio Blakeney,[<Position.SHOOTING_GUARD: 'SHOOTING GUARD'>],22,Team.CHICAGO_BULLS,57,3,0.05,14.54,829,418,7.33,0.42,166,396,36,0.66,50,76,106,1.86,42,0.74,12,0.21,9,0.16,1.2
bledser01,Eric Bledsoe,[<Position.POINT_GUARD: 'POINT GUARD'>],29,Team.MILWAUKEE_BUCKS,78,78,1.0,29.13,2272,1241,15.91,0.48,470,971,124,0.75,177,236,362,4.64,430,5.51,116,1.49,29,0.37,2.61
blossja01,Jaron Blossomgame,[<Position.SMALL_FORWARD: 'SMALL FORWARD'>],25,Team.CLEVELAND_CAVALIERS,27,4,0.15,16.26,439,114,4.22,0.44,47,106,10,0.77,10,13,98,3.63,13,0.48,7,0.26,8,0.3,1.18
bogdabo01,Bogdan Bogdanović,[<Position.SHOOTING_GUARD: 'SHOOTING GUARD'>],26,Team.SACRAMENTO_KINGS,70,17,0.24,27.81,1947,990,14.14,0.42,361,863,134,0.83,134,162,243,3.47,267,3.81,72,1.03,15,0.21,2.28
bogdabo02,Bojan Bogdanović,[<Position.SMALL_FORWARD: 'SMALL FORWARD'>],29,Team.INDIANA_PACERS,81,81,1.0,31.77,2573,1454,17.95,0.5,522,1051,164,0.81,246,305,333,4.11,161,1.99,69,0.85,1,0.01,1.2
bogutan01,Andrew Bogut,[<Position.CENTER: 'CENTER'>],34,Team.GOLDEN_STATE_WARRIORS,11,5,0.45,12.18,134,39,3.55,0.5,18,36,0,1.0,3,3,55,5.0,11,1.0,3,0.27,8,0.73,1.38
boldejo01,Jonah Bolden,[<Position.POWER_FORWARD: 'POWER FORWARD'>],23,Team.PHILADELPHIA_76ERS,44,10,0.23,14.52,639,207,4.7,0.49,80,162,34,0.48,13,27,165,3.75,40,0.91,17,0.39,39,0.89,1.11
bongais01,Isaac Bonga,[<Position.POINT_GUARD: 'POINT GUARD'>],19,Team.LOS_ANGELES_LAKERS,22,0,0.0,5.45,120,19,0.86,0.15,5,33,0,0.6,9,15,25,1.14,15,0.68,9,0.41,4,0.18,2.5
bookede01,Devin Booker,[<Position.SHOOTING_GUARD: 'SHOOTING GUARD'>],22,Team.PHOENIX_SUNS,64,64,1.0,35.03,2242,1700,26.56,0.47,586,1255,135,0.87,393,454,265,4.14,433,6.77,56,0.88,13,0.2,1.64
bouchch01,Chris Boucher,[<Position.POWER_FORWARD: 'POWER FORWARD'>],26,Team.TORONTO_RAPTORS,28,0,0.0,5.82,163,93,3.32,0.45,34,76,12,0.87,13,15,56,2.0,2,0.07,6,0.21,24,0.86,0.29
bradlav01,Avery Bradley,[<Position.SHOOTING_GUARD: 'SHOOTING GUARD'>],28,Team.LOS_ANGELES_CLIPPERS,63,63,1.0,30.24,1905,625,9.92,0.41,248,608,86,0.86,43,50,175,2.78,152,2.41,41,0.65,16,0.25,1.71
bradlto01,Tony Bradley,[<Position.CENTER: 'CENTER'>],21,Team.UTAH_JAZZ,3,0,0.0,12.0,36,17,5.67,0.5,8,16,0,0.5,1,2,15,5.0,1,0.33,2,0.67,2,0.67,0.33
breweco01,Corey Brewer,[<Position.SMALL_FORWARD: 'SMALL FORWARD'>],32,Team.PHILADELPHIA_76ERS,31,3,0.1,15.87,492,151,4.87,0.43,53,123,14,0.72,31,43,76,2.45,39,1.26,32,1.03,7,0.23,2.05
bridgmi01,Mikal Bridges,[<Position.SMALL_FORWARD: 'SMALL FORWARD'>],22,Team.PHOENIX_SUNS,82,56,0.68,29.48,2417,684,8.34,0.43,242,563,105,0.81,95,118,264,3.22,173,2.11,129,1.57,38,0.46,2.47
bridgmi02,Miles Bridges,[<Position.SMALL_FORWARD: 'SMALL FORWARD'>],20,Team.CHARLOTTE_HORNETS,80,25,0.31,21.2,1696,597,7.46,0.46,237,511,65,0.75,58,77,323,4.04,95,1.19,55,0.69,49,0.61,1.9
briscis01,Isaiah Briscoe,[<Position.POINT_GUARD: 'POINT GUARD'>],22,Team.ORLANDO_MAGIC,39,0,0.0,14.33,559,136,3.49,0.4,55,138,11,0.58,15,26,74,1.9,87,2.23,11,0.28,2,0.05,2.81
broekry01,Ryan Broekhoff,[<Position.SHOOTING_GUARD: 'SHOOTING GUARD'>],28,Team.DALLAS_MAVERICKS,42,0,0.0,10.79,453,167,3.98,0.45,57,126,38,0.79,15,19,63,1.5,22,0.52,6,0.14,4,0.1,1.38
brogdma01,Malcolm Brogdon,[<Position.SHOOTING_GUARD: 'SHOOTING GUARD'>],26,Team.MILWAUKEE_BUCKS,64,64,1.0,28.62,1832,1001,15.64,0.51,378,748,104,0.93,141,152,288,4.5,205,3.2,46,0.72,13,0.2,2.25
brookdi01,Dillon Brooks,[<Position.SMALL_FORWARD: 'SMALL FORWARD'>],23,Team.MEMPHIS_GRIZZLIES,18,0,0.0,18.33,330,135,7.5,0.4,49,122,15,0.73,22,30,31,1.72,16,0.89,10,0.56,4,0.22,0.84
brookma01,MarShon Brooks,[<Position.SHOOTING_GUARD: 'SHOOTING GUARD'>],30,Team.MEMPHIS_GRIZZLIES,29,0,0.0,13.34,387,190,6.55,0.45,76,169,15,0.7,23,33,45,1.55,25,0.86,9,0.31,4,0.14,1.19
brownbr01,Bruce Brown,[<Position.SHOOTING_GUARD: 'SHOOTING GUARD'>],22,Team.DETROIT_PISTONS,74,56,0.76,19.58,1449,319,4.31,0.4,125,314,24,0.75,45,60,185,2.5,91,1.23,40,0.54,36,0.49,1.98
brownja02,Jaylen Brown,[<Position.SHOOTING_GUARD: 'SHOOTING GUARD'>],22,Team.BOSTON_CELTICS,74,25,0.34,25.85,1913,964,13.03,0.46,368,792,95,0.66,133,202,313,4.23,100,1.35,69,0.93,32,0.43,1.01
brownlo01,Lorenzo Brown,[<Position.POINT_GUARD: 'POINT GUARD'>],28,Team.TORONTO_RAPTORS,26,0,0.0,8.15,212,55,2.12,0.32,23,71,6,1.0,3,3,31,1.19,28,1.08,12,0.46,5,0.19,1.75
brownst02,Sterling Brown,[<Position.SHOOTING_GUARD: 'SHOOTING GUARD'>],23,Team.MILWAUKEE_BUCKS,58,7,0.12,17.83,1034,372,6.41,0.46,145,312,53,0.69,29,42,184,3.17,84,1.45,25,0.43,8,0.14,1.83
browntr01,Troy Brown Jr.,[<Position.SMALL_FORWARD: 'SMALL FORWARD'>],19,Team.WASHINGTON_WIZARDS,52,10,0.19,14.04,730,248,4.77,0.41,97,234,22,0.68,32,47,145,2.79,80,1.54,21,0.4,5,0.1,2.67
brunsja01,Jalen Brunson,[<Position.POINT_GUARD: 'POINT GUARD'>],22,Team.DALLAS_MAVERICKS,73,38,0.52,21.79,1591,678,9.29,0.47,264,565,63,0.72,87,120,169,2.32,230,3.15,37,0.51,4,0.05,2.61
bryanth01,Thomas Bryant,[<Position.CENTER: 'CENTER'>],21,Team.WASHINGTON_WIZARDS,72,53,0.74,20.78,1496,758,10.53,0.62,309,502,33,0.78,107,137,454,6.31,92,1.28,25,0.35,67,0.93,1.53
bullore01,Reggie Bullock,[<Position.SHOOTING_GUARD: 'SHOOTING GUARD'>],27,Team.DETROIT_PISTONS,63,60,0.95,29.83,1879,711,11.29,0.41,245,594,148,0.86,73,85,173,2.75,129,2.05,40,0.63,12,0.19,1.98
burketr01,Trey Burke,[<Position.POINT_GUARD: 'POINT GUARD'>],26,Team.NEW_YORK_KNICKS,58,8,0.14,19.4,1125,631,10.88,0.43,236,548,56,0.83,103,124,99,1.71,159,2.74,33,0.57,7,0.12,3.24
burksal01,Alec Burks,[<Position.SHOOTING_GUARD: 'SHOOTING GUARD'>],27,Team.UTAH_JAZZ,64,24,0.38,21.48,1375,561,8.77,0.41,192,474,61,0.82,116,141,235,3.67,128,2.0,39,0.61,21,0.33,1.97
burtode02,Deonte Burton,[<Position.SHOOTING_GUARD: 'SHOOTING GUARD'>],25,Team.OKLAHOMA_CITY_THUNDER,32,0,0.0,7.5,240,82,2.56,0.4,33,82,8,0.67,8,12,28,0.88,9,0.28,6,0.19,8,0.25,1.0
butleji01,Jimmy Butler,[<Position.SHOOTING_GUARD: 'SHOOTING GUARD'>],29,Team.MINNESOTA_TIMBERWOLVES,65,65,1.0,33.62,2185,1215,18.69,0.46,418,904,67,0.85,312,365,342,5.26,263,4.05,123,1.89,39,0.6,2.77
cabocbr01,Bruno Caboclo,[<Position.POWER_FORWARD: 'POWER FORWARD'>],23,Team.MEMPHIS_GRIZZLIES,34,19,0.56,23.53,800,282,8.29,0.43,96,225,48,0.84,42,50,158,4.65,50,1.47,14,0.41,33,0.97,1.32
caldejo01,José Calderón,[<Position.POINT_GUARD: 'POINT GUARD'>],37,Team.DETROIT_PISTONS,49,0,0.0,12.9,632,113,2.31,0.38,45,120,14,0.82,9,11,60,1.22,115,2.35,16,0.33,3,0.06,3.29
caldwke01,Kentavious Caldwell-Pope,[<Position.SHOOTING_GUARD: 'SHOOTING GUARD'>],25,Team.LOS_ANGELES_LAKERS,82,23,0.28,24.82,2035,938,11.44,0.43,325,756,151,0.87,137,158,238,2.9,110,1.34,73,0.89,13,0.16,1.69
canaais01,Isaiah Canaan,[<Position.POINT_GUARD: 'POINT GUARD'>],27,Team.PHOENIX_SUNS,30,16,0.53,20.97,629,181,6.03,0.39,64,164,34,0.79,19,24,58,1.93,84,2.8,14,0.47,2,0.07,2.4
capelca01,Clint Capela,[<Position.CENTER: 'CENTER'>],24,Team.HOUSTON_ROCKETS,67,67,1.0,33.57,2249,1114,16.63,0.65,474,732,0,0.64,166,261,848,12.66,96,1.43,44,0.66,102,1.52,1.02
carrode01,DeMarre Carroll,[<Position.POWER_FORWARD: 'POWER FORWARD'>],32,Team.BROOKLYN_NETS,67,8,0.12,25.42,1703,744,11.1,0.39,227,575,106,0.76,184,242,349,5.21,85,1.27,31,0.46,10,0.15,1.16
carteje01,Jevon Carter,[<Position.POINT_GUARD: 'POINT GUARD'>],23,Team.MEMPHIS_GRIZZLIES,39,3,0.08,14.79,577,172,4.41,0.3,56,185,34,0.81,26,32,66,1.69,69,1.77,26,0.67,11,0.28,2.09
cartevi01,Vince Carter,[<Position.POWER_FORWARD: 'POWER FORWARD'>],42,Team.ATLANTA_HAWKS,76,9,0.12,17.5,1330,562,7.39,0.42,196,468,123,0.71,47,66,194,2.55,87,1.14,44,0.58,27,0.36,1.81
cartewe01,Wendell Carter Jr.,[<Position.CENTER: 'CENTER'>],19,Team.CHICAGO_BULLS,44,44,1.0,25.23,1110,455,10.34,0.49,180,371,6,0.79,89,112,307,6.98,78,1.77,26,0.59,58,1.32,1.2
cartemi01,Michael Carter-Williams,[<Position.POINT_GUARD: 'POINT GUARD'>],27,Team.HOUSTON_ROCKETS,28,1,0.04,13.29,372,134,4.79,0.37,46,123,10,0.6,32,53,70,2.5,70,2.5,20,0.71,15,0.54,3.5
carusal01,Alex Caruso,[<Position.POINT_GUARD: 'POINT GUARD'>],24,Team.LOS_ANGELES_LAKERS,25,4,0.16,21.24,531,229,9.16,0.45,77,173,24,0.8,51,64,67,2.68,77,3.08,24,0.96,9,0.36,1.83
casspom01,Omri Casspi,[<Position.SMALL_FORWARD: 'SMALL FORWARD'>],30,Team.MEMPHIS_GRIZZLIES,36,0,0.0,14.44,520,226,6.28,0.53,86,161,15,0.67,39,58,115,3.19,26,0.72,20,0.56,9,0.25,1.13
caulewi01,Willie Cauley-Stein,[<Position.CENTER: 'CENTER'>],25,Team.SACRAMENTO_KINGS,81,81,1.0,27.32,2213,965,11.91,0.56,412,741,1,0.55,140,254,678,8.37,194,2.4,96,1.19,51,0.63,2.31
caupatr01,Troy Caupain,[<Position.POINT_GUARD: 'POINT GUARD'>],23,Team.ORLANDO_MAGIC,4,0,0.0,4.0,16,10,2.5,0.5,4,8,2,0,0,0,3,0.75,4,1.0,1,0.25,0,0.0,4
cavanty01,Tyler Cavanaugh,[<Position.POWER_FORWARD: 'POWER FORWARD'>],24,Team.UTAH_JAZZ,11,0,0.0,3.55,39,9,0.82,0.3,3,10,1,1.0,2,2,8,0.73,1,0.09,0,0.0,0,0.0,1.0
chandty01,Tyson Chandler,[<Position.CENTER: 'CENTER'>],36,Team.PHOENIX_SUNS,55,6,0.11,15.91,875,173,3.15,0.62,61,99,0,0.59,51,87,307,5.58,37,0.67,21,0.38,23,0.42,0.88
chandwi01,Wilson Chandler,[<Position.POWER_FORWARD: 'POWER FORWARD'>],31,Team.PHILADELPHIA_76ERS,51,33,0.65,23.08,1177,305,5.98,0.42,114,273,59,0.72,18,25,215,4.22,82,1.61,25,0.49,21,0.41,1.78
chealjo01,Joe Chealey,[<Position.POINT_GUARD: 'POINT GUARD'>],23,Team.CHARLOTTE_HORNETS,1,0,0.0,8.0,8,2,2.0,0.33,1,3,0,0,0,0,0,0.0,1,1.0,0,0.0,0,0.0,1
chiozch01,Chris Chiozza,[<Position.POINT_GUARD: 'POINT GUARD'>],23,Team.HOUSTON_ROCKETS,7,0,0.0,4.71,33,6,0.86,0.25,2,8,2,0,0,0,4,0.57,4,0.57,1,0.14,1,0.14,4.0
chrisma01,Marquese Chriss,[<Position.POWER_FORWARD: 'POWER FORWARD'>],21,Team.HOUSTON_ROCKETS,43,2,0.05,11.6,499,182,4.23,0.37,67,180,16,0.71,32,45,142,3.3,22,0.51,17,0.4,11,0.26,0.61
clarkga01,Gary Clark,[<Position.POWER_FORWARD: 'POWER FORWARD'>],24,Team.HOUSTON_ROCKETS,51,2,0.04,12.57,641,148,2.9,0.33,50,151,41,1.0,7,7,116,2.27,18,0.35,20,0.39,26,0.51,2.57
clarkia01,Ian Clark,[<Position.SHOOTING_GUARD: 'SHOOTING GUARD'>],27,Team.NEW_ORLEANS_PELICANS,60,6,0.1,16.22,973,401,6.68,0.39,151,383,66,0.89,33,37,89,1.48,94,1.57,22,0.37,8,0.13,1.62
clarkjo01,Jordan Clarkson,[<Position.SHOOTING_GUARD: 'SHOOTING GUARD'>],26,Team.CLEVELAND_CAVALIERS,81,0,0.0,27.33,2214,1364,16.84,0.45,529,1180,144,0.84,162,192,270,3.33,196,2.42,57,0.7,13,0.16,1.45
collijo01,John Collins,[<Position.POWER_FORWARD: 'POWER FORWARD'>],21,Team.ATLANTA_HAWKS,61,59,0.97,29.98,1829,1188,19.48,0.56,465,831,55,0.76,203,266,595,9.75,121,1.98,22,0.36,39,0.64,1.01
colliza01,Zach Collins,[<Position.CENTER: 'CENTER'>],21,Team.PORTLAND_TRAIL_BLAZERS,77,0,0.0,17.61,1356,512,6.65,0.47,189,400,40,0.75,94,126,324,4.21,71,0.92,25,0.32,66,0.86,0.92
collida01,Darren Collison,[<Position.POINT_GUARD: 'POINT GUARD'>],31,Team.INDIANA_PACERS,76,76,1.0,28.2,2143,853,11.22,0.47,308,659,79,0.83,158,190,232,3.05,459,6.04,110,1.45,9,0.12,3.67
colsobo01,Bonzie Colson,[<Position.SMALL_FORWARD: 'SMALL FORWARD'>],23,Team.MILWAUKEE_BUCKS,8,2,0.25,12.25,98,39,4.88,0.33,13,39,5,0.89,8,9,30,3.75,3,0.38,5,0.62,1,0.12,1.0
conlemi01,Mike Conley,[<Position.POINT_GUARD: 'POINT GUARD'>],31,Team.MEMPHIS_GRIZZLIES,70,70,1.0,33.46,2342,1478,21.11,0.44,490,1120,155,0.84,343,406,239,3.41,449,6.41,94,1.34,22,0.31,3.45
connapa01,Pat Connaughton,[<Position.SHOOTING_GUARD: 'SHOOTING GUARD'>],26,Team.MILWAUKEE_BUCKS,61,2,0.03,20.67,1261,421,6.9,0.47,163,350,66,0.72,29,40,258,4.23,122,2.0,33,0.54,25,0.41,3.7
cookqu01,Quinn Cook,[<Position.POINT_GUARD: 'POINT GUARD'>],25,Team.GOLDEN_STATE_WARRIORS,74,10,0.14,14.31,1059,509,6.88,0.46,204,439,81,0.77,20,26,157,2.12,116,1.57,20,0.27,3,0.04,2.32
couside01,DeMarcus Cousins,[<Position.CENTER: 'CENTER'>],28,Team.GOLDEN_STATE_WARRIORS,30,30,1.0,25.7,771,488,16.27,0.48,178,371,26,0.74,106,144,247,8.23,107,3.57,40,1.33,44,1.47,1.49
covinro01,Robert Covington,[<Position.SMALL_FORWARD: 'SMALL FORWARD'>],28,Team.PHILADELPHIA_76ERS,35,35,1.0,34.37,1203,465,13.29,0.43,156,362,85,0.76,68,89,193,5.51,46,1.31,74,2.11,47,1.34,0.98
crabbal01,Allen Crabbe,[<Position.SHOOTING_GUARD: 'SHOOTING GUARD'>],26,Team.BROOKLYN_NETS,43,20,0.47,26.35,1133,413,9.6,0.37,137,373,98,0.73,41,56,148,3.44,46,1.07,23,0.53,13,0.3,1.0
craigto01,Torrey Craig,[<Position.SMALL_FORWARD: 'SMALL FORWARD'>],28,Team.DENVER_NUGGETS,75,37,0.49,20.04,1503,430,5.73,0.44,160,362,61,0.7,49,70,263,3.51,72,0.96,37,0.49,46,0.61,1.64
crawfja01,Jamal Crawford,[<Position.SHOOTING_GUARD: 'SHOOTING GUARD'>],38,Team.PHOENIX_SUNS,64,0,0.0,18.92,1211,508,7.94,0.4,174,438,67,0.85,93,110,85,1.33,229,3.58,33,0.52,12,0.19,2.31
creekmi01,Mitch Creek,[<Position.SMALL_FORWARD: 'SMALL FORWARD'>],26,Team.BROOKLYN_NETS,5,0,0.0,9.6,48,21,4.2,0.5,8,16,0,0.71,5,7,12,2.4,6,1.2,2,0.4,0,0.0,6.0
crowdja01,Jae Crowder,[<Position.SMALL_FORWARD: 'SMALL FORWARD'>],28,Team.UTAH_JAZZ,80,11,0.14,27.07,2166,951,11.89,0.4,318,797,173,0.72,142,197,384,4.8,133,1.66,64,0.8,31,0.39,1.56
cunnida01,Dante Cunningham,[<Position.POWER_FORWARD: 'POWER FORWARD'>],31,Team.SAN_ANTONIO_SPURS,64,21,0.33,14.5,928,194,3.03,0.47,75,158,30,0.78,14,18,188,2.94,50,0.78,27,0.42,13,0.2,2.27
curryse01,Seth Curry,[<Position.SHOOTING_GUARD: 'SHOOTING GUARD'>],28,Team.PORTLAND_TRAIL_BLAZERS,74,2,0.03,18.91,1399,581,7.85,0.46,212,465,113,0.85,44,52,120,1.62,66,0.89,36,0.49,12,0.16,1.08
curryst01,Stephen Curry,[<Position.POINT_GUARD: 'POINT GUARD'>],30,Team.GOLDEN_STATE_WARRIORS,69,69,1.0,33.78,2331,1881,27.26,0.47,632,1340,354,0.92,263,287,369,5.35,361,5.23,92,1.33,25,0.36,1.88
danietr01,Troy Daniels,[<Position.SHOOTING_GUARD: 'SHOOTING GUARD'>],27,Team.PHOENIX_SUNS,51,1,0.02,14.9,760,318,6.24,0.41,113,275,74,0.78,18,23,73,1.43,26,0.51,26,0.51,5,0.1,0.96
davisan02,Anthony Davis,[<Position.CENTER: 'CENTER'>],25,Team.NEW_ORLEANS_PELICANS,56,56,1.0,33.04,1850,1452,25.93,0.52,530,1026,48,0.79,344,433,672,12.0,218,3.89,88,1.57,135,2.41,1.95
davisde01,Deyonta Davis,[<Position.CENTER: 'CENTER'>],22,Team.ATLANTA_HAWKS,9,0,0.0,13.11,118,36,4.0,0.68,15,22,0,0.6,6,10,36,4.0,5,0.56,3,0.33,5,0.56,1.67
davised01,Ed Davis,[<Position.CENTER: 'CENTER'>],29,Team.BROOKLYN_NETS,81,1,0.01,17.85,1446,472,5.83,0.62,186,302,0,0.62,100,162,694,8.57,61,0.75,35,0.43,33,0.41,0.95
davisty01,Tyler Davis,[<Position.CENTER: 'CENTER'>],21,Team.OKLAHOMA_CITY_THUNDER,1,0,0.0,1.0,1,0,0.0,0.0,0,1,0,0,0,0,1,1.0,0,0.0,0,0.0,0,0.0,0
dedmode01,Dewayne Dedmon,[<Position.CENTER: 'CENTER'>],29,Team.ATLANTA_HAWKS,64,52,0.81,25.14,1609,693,10.83,0.49,259,526,83,0.81,92,113,480,7.5,90,1.41,69,1.08,71,1.11,1.07
dekkesa01,Sam Dekker,[<Position.POWER_FORWARD: 'POWER FORWARD'>],24,Team.CLEVELAND_CAVALIERS,47,5,0.11,16.77,788,287,6.11,0.47,120,256,19,0.61,28,46,148,3.15,46,0.98,38,0.81,7,0.15,1.92
delgaan01,Ángel Delgado,[<Position.CENTER: 'CENTER'>],24,Team.LOS_ANGELES_CLIPPERS,2,0,0.0,7.5,15,3,1.5,0.2,1,5,0,0.5,1,2,4,2.0,0,0.0,1,0.5,0,0.0,0
dellama01,Matthew Dellavedova,[<Position.POINT_GUARD: 'POINT GUARD'>],28,Team.MILWAUKEE_BUCKS,48,0,0.0,16.92,812,282,5.88,0.4,98,242,44,0.81,42,52,77,1.6,181,3.77,14,0.29,2,0.04,2.66
denglu01,Luol Deng,[<Position.SMALL_FORWARD: 'SMALL FORWARD'>],33,Team.MINNESOTA_TIMBERWOLVES,22,2,0.09,17.82,392,157,7.14,0.5,59,118,14,0.71,25,35,73,3.32,18,0.82,15,0.68,8,0.36,1.29
derozde01,DeMar DeRozan,[<Position.SHOOTING_GUARD: 'SHOOTING GUARD'>],29,Team.SAN_ANTONIO_SPURS,77,77,1.0,34.91,2688,1635,21.23,0.48,631,1313,7,0.83,366,441,462,6.0,475,6.17,86,1.12,36,0.47,2.39
derrima01,Marcus Derrickson,[<Position.POWER_FORWARD: 'POWER FORWARD'>],22,Team.GOLDEN_STATE_WARRIORS,11,0,0.0,6.09,67,46,4.18,0.48,16,33,10,0.8,4,5,13,1.18,1,0.09,0,0.0,1,0.09,0.33
diallch01,Cheick Diallo,[<Position.POWER_FORWARD: 'POWER FORWARD'>],22,Team.NEW_ORLEANS_PELICANS,64,1,0.02,14.0,896,387,6.05,0.62,168,271,1,0.75,50,67,332,5.19,33,0.52,29,0.45,33,0.52,0.67
diallha01,Hamidou Diallo,[<Position.SHOOTING_GUARD: 'SHOOTING GUARD'>],20,Team.OKLAHOMA_CITY_THUNDER,51,3,0.06,10.31,526,190,3.73,0.45,75,165,4,0.61,36,59,97,1.9,17,0.33,21,0.41,10,0.2,0.74
dienggo01,Gorgui Dieng,[<Position.CENTER: 'CENTER'>],29,Team.MINNESOTA_TIMBERWOLVES,76,2,0.03,13.57,1031,485,6.38,0.5,189,377,19,0.83,88,106,311,4.09,72,0.95,48,0.63,41,0.54,1.26
dinwisp01,Spencer Dinwiddie,[<Position.POINT_GUARD: 'POINT GUARD'>],25,Team.BROOKLYN_NETS,68,4,0.06,28.15,1914,1143,16.81,0.44,366,828,124,0.81,287,356,166,2.44,311,4.57,40,0.59,17,0.25,2.05
divindo01,Donte DiVincenzo,[<Position.SHOOTING_GUARD: 'SHOOTING GUARD'>],22,Team.MILWAUKEE_BUCKS,27,0,0.0,15.22,411,131,4.85,0.4,50,124,22,0.75,9,12,65,2.41,31,1.15,13,0.48,6,0.22,1.63
doncilu01,Luka Dončić,[<Position.SHOOTING_GUARD: 'SHOOTING GUARD'>],19,Team.DALLAS_MAVERICKS,72,72,1.0,32.19,2318,1526,21.19,0.43,506,1186,168,0.71,346,485,563,7.82,429,5.96,77,1.07,25,0.35,1.74
dorsety01,Tyler Dorsey,[<Position.SHOOTING_GUARD: 'SHOOTING GUARD'>],22,Team.ATLANTA_HAWKS,48,11,0.23,14.54,698,296,6.17,0.41,107,264,44,0.62,38,61,113,2.35,56,1.17,14,0.29,2,0.04,2.07
dotsoda01,Damyean Dotson,[<Position.SHOOTING_GUARD: 'SHOOTING GUARD'>],24,Team.NEW_YORK_KNICKS,73,40,0.55,27.45,2004,779,10.67,0.42,290,698,126,0.74,73,98,262,3.59,135,1.85,58,0.79,10,0.14,1.9
doziepj01,PJ Dozier,[<Position.SHOOTING_GUARD: 'SHOOTING GUARD'>],22,Team.BOSTON_CELTICS,6,0,0.0,8.5,51,19,3.17,0.38,8,21,2,0.5,1,2,17,2.83,5,0.83,2,0.33,0,0.0,5
dragigo01,Goran Dragić,[<Position.POINT_GUARD: 'POINT GUARD'>],32,Team.MIAMI_HEAT,36,22,0.61,27.53,991,494,13.72,0.41,179,433,57,0.78,79,101,111,3.08,174,4.83,30,0.83,5,0.14,2.45
drumman01,Andre Drummond,[<Position.CENTER: 'CENTER'>],25,Team.DETROIT_PISTONS,79,79,1.0,33.51,2647,1370,17.34,0.53,561,1052,5,0.59,243,412,1232,15.59,112,1.42,136,1.72,138,1.75,0.64
dudleja01,Jared Dudley,[<Position.POWER_FORWARD: 'POWER FORWARD'>],33,Team.BROOKLYN_NETS,59,25,0.42,20.68,1220,287,4.86,0.42,101,239,53,0.7,32,46,155,2.63,83,1.41,36,0.61,16,0.27,1.93
dunnkr01,Kris Dunn,[<Position.POINT_GUARD: 'POINT GUARD'>],24,Team.CHICAGO_BULLS,46,44,0.96,30.2,1389,519,11.28,0.42,215,506,34,0.8,55,69,187,4.07,277,6.02,68,1.48,21,0.46,2.66
duranke01,Kevin Durant,[<Position.SMALL_FORWARD: 'SMALL FORWARD'>],30,Team.GOLDEN_STATE_WARRIORS,78,78,1.0,34.64,2702,2027,25.99,0.52,721,1383,137,0.89,448,506,497,6.37,457,5.86,58,0.74,84,1.08,2.03
duvaltr01,Trevon Duval,[<Position.POINT_GUARD: 'POINT GUARD'>],20,Team.MILWAUKEE_BUCKS,3,0,0.0,2.0,6,5,1.67,0.67,2,3,1,0,0,0,1,0.33,2,0.67,0,0.0,0,0.0,2
edwarvi01,Vince Edwards,[<Position.SMALL_FORWARD: 'SMALL FORWARD'>],22,Team.HOUSTON_ROCKETS,2,0,0.0,8.0,16,3,1.5,0.25,1,4,1,0,0,0,2,1.0,0,0.0,0,0.0,0,0.0,0
ellenhe01,Henry Ellenson,[<Position.POWER_FORWARD: 'POWER FORWARD'>],22,Team.DETROIT_PISTONS,19,0,0.0,13.63,259,114,6.0,0.41,39,95,17,0.76,19,25,66,3.47,16,0.84,7,0.37,2,0.11,1.78
ellinwa01,Wayne Ellington,[<Position.SHOOTING_GUARD: 'SHOOTING GUARD'>],31,Team.MIAMI_HEAT,53,38,0.72,24.47,1297,545,10.28,0.4,184,457,138,0.8,39,49,107,2.02,72,1.36,54,1.02,6,0.11,1.8
embiijo01,Joel Embiid,[<Position.CENTER: 'CENTER'>],24,Team.PHILADELPHIA_76ERS,64,64,1.0,33.66,2154,1761,27.52,0.48,580,1199,79,0.8,522,649,871,13.61,234,3.66,46,0.72,122,1.91,1.04
ennisja01,James Ennis,[<Position.SMALL_FORWARD: 'SMALL FORWARD'>],28,Team.HOUSTON_ROCKETS,58,27,0.47,21.21,1230,389,6.71,0.47,138,294,55,0.72,58,81,182,3.14,41,0.71,41,0.71,23,0.4,1.21
eubandr01,Drew Eubanks,[<Position.POWER_FORWARD: 'POWER FORWARD'>],21,Team.SAN_ANTONIO_SPURS,23,0,0.0,4.91,113,41,1.78,0.58,15,26,0,0.85,11,13,34,1.48,7,0.3,2,0.09,5,0.22,0.88
evansja02,Jacob Evans,[<Position.SHOOTING_GUARD: 'SHOOTING GUARD'>],21,Team.GOLDEN_STATE_WARRIORS,30,1,0.03,6.8,204,40,1.33,0.34,18,53,4,0.0,0,1,25,0.83,23,0.77,5,0.17,3,0.1,2.09
evansja01,Jawun Evans,[<Position.POINT_GUARD: 'POINT GUARD'>],22,Team.PHOENIX_SUNS,8,0,0.0,8.12,65,6,0.75,0.21,3,14,0,0,0,0,12,1.5,10,1.25,3,0.38,0,0.0,1.67
evansty01,Tyreke Evans,[<Position.SHOOTING_GUARD: 'SHOOTING GUARD'>],29,Team.INDIANA_PACERS,69,18,0.26,20.32,1402,706,10.23,0.39,257,660,77,0.72,115,160,201,2.91,166,2.41,58,0.84,18,0.26,1.41
exumda01,Dante Exum,[<Position.POINT_GUARD: 'POINT GUARD'>],23,Team.UTAH_JAZZ,42,1,0.02,15.81,664,288,6.86,0.42,101,241,18,0.79,68,86,68,1.62,110,2.62,14,0.33,5,0.12,2.12
farieke01,Kenneth Faried,[<Position.CENTER: 'CENTER'>],29,Team.BROOKLYN_NETS,37,13,0.35,19.68,728,384,10.38,0.59,156,265,8,0.65,64,99,250,6.76,20,0.54,17,0.46,23,0.62,0.61
favorde01,Derrick Favors,[<Position.CENTER: 'CENTER'>],27,Team.UTAH_JAZZ,76,70,0.92,23.24,1766,897,11.8,0.59,363,619,17,0.68,154,228,560,7.37,89,1.17,56,0.74,106,1.39,1.06
feliccr01,Cristiano Felício,[<Position.CENTER: 'CENTER'>],26,Team.CHICAGO_BULLS,60,0,0.0,12.43,746,240,4.0,0.53,95,179,0,0.68,50,73,218,3.63,37,0.62,11,0.18,7,0.12,1.12
feltora01,Raymond Felton,[<Position.POINT_GUARD: 'POINT GUARD'>],34,Team.OKLAHOMA_CITY_THUNDER,33,0,0.0,11.48,379,142,4.3,0.41,55,135,20,0.92,12,13,34,1.03,52,1.58,10,0.3,6,0.18,3.71
fergute01,Terrance Ferguson,[<Position.SHOOTING_GUARD: 'SHOOTING GUARD'>],20,Team.OKLAHOMA_CITY_THUNDER,74,74,1.0,26.09,1931,513,6.93,0.43,185,431,106,0.73,37,51,141,1.91,72,0.97,40,0.54,16,0.22,1.53
ferreyo01,Yogi Ferrell,[<Position.POINT_GUARD: 'POINT GUARD'>],25,Team.SACRAMENTO_KINGS,71,3,0.04,15.03,1067,420,5.92,0.43,153,352,54,0.9,60,67,109,1.54,137,1.93,36,0.51,4,0.06,3.42
finnedo01,Dorian Finney-Smith,[<Position.SMALL_FORWARD: 'SMALL FORWARD'>],25,Team.DALLAS_MAVERICKS,81,26,0.32,24.51,1985,608,7.51,0.43,228,528,79,0.71,73,103,389,4.8,95,1.17,69,0.85,36,0.44,1.28
forbebr01,Bryn Forbes,[<Position.SHOOTING_GUARD: 'SHOOTING GUARD'>],25,Team.SAN_ANTONIO_SPURS,82,81,0.99,27.96,2293,967,11.79,0.46,361,791,176,0.88,69,78,239,2.91,175,2.13,45,0.55,4,0.05,2.19
fournev01,Evan Fournier,[<Position.SHOOTING_GUARD: 'SHOOTING GUARD'>],26,Team.ORLANDO_MAGIC,81,81,1.0,31.52,2553,1226,15.14,0.44,468,1069,153,0.81,137,170,258,3.19,295,3.64,71,0.88,12,0.15,1.92
foxde01,De'Aaron Fox,[<Position.POINT_GUARD: 'POINT GUARD'>],21,Team.SACRAMENTO_KINGS,81,81,1.0,31.43,2546,1399,17.27,0.46,505,1102,86,0.73,303,417,304,3.75,590,7.28,133,1.64,45,0.56,2.6
frazime01,Melvin Frazier,[<Position.SHOOTING_GUARD: 'SHOOTING GUARD'>],22,Team.ORLANDO_MAGIC,10,0,0.0,4.4,44,15,1.5,0.33,7,21,0,0.25,1,4,5,0.5,1,0.1,1,0.1,0,0.0,1.0
fraziti01,Tim Frazier,[<Position.POINT_GUARD: 'POINT GUARD'>],28,Team.NEW_ORLEANS_PELICANS,59,19,0.32,18.98,1120,310,5.25,0.44,116,261,37,0.76,41,54,168,2.85,248,4.2,30,0.51,5,0.08,3.26
fredeji01,Jimmer Fredette,[<Position.SHOOTING_GUARD: 'SHOOTING GUARD'>],29,Team.PHOENIX_SUNS,6,0,0.0,10.83,65,22,3.67,0.28,8,29,0,1.0,6,6,7,1.17,8,1.33,3,0.5,0,0.0,1.6
fryech01,Channing Frye,[<Position.CENTER: 'CENTER'>],35,Team.CLEVELAND_CAVALIERS,36,6,0.17,9.47,341,129,3.58,0.37,43,117,32,0.79,11,14,52,1.44,20,0.56,6,0.17,5,0.14,1.54
fultzma01,Markelle Fultz,[<Position.SHOOTING_GUARD: 'SHOOTING GUARD'>],20,Team.PHILADELPHIA_76ERS,19,15,0.79,22.47,427,155,8.16,0.42,65,155,4,0.57,21,37,70,3.68,59,3.11,17,0.89,5,0.26,2.36
gallida01,Danilo Gallinari,[<Position.SMALL_FORWARD: 'SMALL FORWARD'>],30,Team.LOS_ANGELES_CLIPPERS,68,68,1.0,30.28,2059,1346,19.79,0.46,409,884,161,0.9,367,406,417,6.13,178,2.62,49,0.72,23,0.34,1.8
gallola01,Langston Galloway,[<Position.SHOOTING_GUARD: 'SHOOTING GUARD'>],27,Team.DETROIT_PISTONS,80,4,0.05,21.81,1745,672,8.4,0.39,228,587,135,0.84,81,96,171,2.14,85,1.06,37,0.46,8,0.1,3.54
garrebi01,Billy Garrett,[<Position.SHOOTING_GUARD: 'SHOOTING GUARD'>],24,Team.NEW_YORK_KNICKS,4,0,0.0,15.75,63,26,6.5,0.41,11,27,0,1.0,4,4,3,0.75,7,1.75,1,0.25,1,0.25,3.5
gasolma01,Marc Gasol,[<Position.CENTER: 'CENTER'>],34,Team.MEMPHIS_GRIZZLIES,79,72,0.91,30.84,2436,1071,13.56,0.45,390,870,99,0.76,192,253,627,7.94,349,4.42,84,1.06,86,1.09,2.25
gasolpa01,Pau Gasol,[<Position.CENTER: 'CENTER'>],38,Team.SAN_ANTONIO_SPURS,30,6,0.2,12.0,360,118,3.93,0.45,42,94,6,0.7,28,40,137,4.57,52,1.73,5,0.17,15,0.5,3.25
gayru01,Rudy Gay,[<Position.POWER_FORWARD: 'POWER FORWARD'>],32,Team.SAN_ANTONIO_SPURS,69,51,0.74,26.7,1842,946,13.71,0.5,376,746,74,0.82,120,147,470,6.81,182,2.64,54,0.78,34,0.49,1.6
georgpa01,Paul George,[<Position.SMALL_FORWARD: 'SMALL FORWARD'>],28,Team.OKLAHOMA_CITY_THUNDER,77,77,1.0,36.9,2841,2159,28.04,0.44,707,1614,292,0.84,453,540,628,8.16,318,4.13,170,2.21,34,0.44,1.55
gibsota01,Taj Gibson,[<Position.POWER_FORWARD: 'POWER FORWARD'>],33,Team.MINNESOTA_TIMBERWOLVES,70,57,0.81,24.09,1686,753,10.76,0.57,304,537,11,0.76,134,177,458,6.54,84,1.2,53,0.76,39,0.56,1.15
gilesha01,Harry Giles,[<Position.POWER_FORWARD: 'POWER FORWARD'>],20,Team.SACRAMENTO_KINGS,58,0,0.0,14.14,820,408,7.03,0.5,175,348,0,0.64,58,91,222,3.83,85,1.47,31,0.53,22,0.38,1.16
gilgesh01,Shai Gilgeous-Alexander,[<Position.POINT_GUARD: 'POINT GUARD'>],20,Team.LOS_ANGELES_CLIPPERS,82,73,0.89,26.51,2174,889,10.84,0.48,341,716,51,0.8,156,195,232,2.83,270,3.29,96,1.17,45,0.55,1.91
goberru01,Rudy Gobert,[<Position.CENTER: 'CENTER'>],26,Team.UTAH_JAZZ,81,80,0.99,31.81,2577,1284,15.85,0.67,476,712,0,0.64,332,522,1041,12.85,161,1.99,66,0.81,187,2.31,1.24
goodwbr01,Brandon Goodwin,[<Position.POINT_GUARD: 'POINT GUARD'>],23,Team.DENVER_NUGGETS,16,0,0.0,3.56,57,23,1.44,0.26,6,23,2,0.82,9,11,3,0.19,14,0.88,0,0.0,0,0.0,4.67
gordoaa01,Aaron Gordon,[<Position.POWER_FORWARD: 'POWER FORWARD'>],23,Team.ORLANDO_MAGIC,78,78,1.0,33.76,2633,1246,15.97,0.45,470,1046,121,0.73,185,253,574,7.36,289,3.71,57,0.73,56,0.72,1.78
gordoer01,Eric Gordon,[<Position.SHOOTING_GUARD: 'SHOOTING GUARD'>],30,Team.HOUSTON_ROCKETS,68,53,0.78,31.74,2158,1103,16.22,0.41,384,938,216,0.78,119,152,148,2.18,129,1.9,41,0.6,27,0.4,1.43
gortama01,Marcin Gortat,[<Position.CENTER: 'CENTER'>],34,Team.LOS_ANGELES_CLIPPERS,47,43,0.91,15.98,751,233,4.96,0.53,99,186,0,0.73,35,48,261,5.55,65,1.38,6,0.13,24,0.51,1.3
grahade01,Devonte' Graham,[<Position.POINT_GUARD: 'POINT GUARD'>],23,Team.CHARLOTTE_HORNETS,46,3,0.07,14.7,676,217,4.72,0.34,74,216,34,0.76,35,46,63,1.37,121,2.63,23,0.5,2,0.04,4.03
grahatr01,Treveon Graham,[<Position.SHOOTING_GUARD: 'SHOOTING GUARD'>],25,Team.BROOKLYN_NETS,35,21,0.6,20.43,715,184,5.26,0.34,64,191,38,0.82,18,22,107,3.06,34,0.97,13,0.37,7,0.2,2.0
grantje01,Jerami Grant,[<Position.POWER_FORWARD: 'POWER FORWARD'>],24,Team.OKLAHOMA_CITY_THUNDER,80,77,0.96,32.65,2612,1090,13.62,0.5,409,823,115,0.71,157,221,417,5.21,79,0.99,61,0.76,100,1.25,1.18
grantje02,Jerian Grant,[<Position.POINT_GUARD: 'POINT GUARD'>],26,Team.ORLANDO_MAGIC,60,1,0.02,15.65,939,250,4.17,0.42,92,220,40,0.65,26,40,98,1.63,156,2.6,44,0.73,6,0.1,3.06
grantdo01,Donte Grantham,[<Position.SMALL_FORWARD: 'SMALL FORWARD'>],23,Team.OKLAHOMA_CITY_THUNDER,3,0,0.0,0.67,2,0,0.0,0.0,0,2,0,0,0,0,0,0.0,0,0.0,0,0.0,0,0.0,0
greenda02,Danny Green,[<Position.SHOOTING_GUARD: 'SHOOTING GUARD'>],31,Team.TORONTO_RAPTORS,80,80,1.0,27.7,2216,821,10.26,0.47,293,630,198,0.84,37,44,317,3.96,126,1.57,73,0.91,53,0.66,1.68
greendr01,Draymond Green,[<Position.POWER_FORWARD: 'POWER FORWARD'>],28,Team.GOLDEN_STATE_WARRIORS,66,66,1.0,31.29,2065,486,7.36,0.45,188,422,47,0.69,63,91,481,7.29,454,6.88,95,1.44,70,1.06,2.69
greenge01,Gerald Green,[<Position.SHOOTING_GUARD: 'SHOOTING GUARD'>],33,Team.HOUSTON_ROCKETS,73,0,0.0,20.18,1473,675,9.25,0.4,231,578,156,0.84,57,68,182,2.49,40,0.55,33,0.45,27,0.37,0.73
greenja01,JaMychal Green,[<Position.POWER_FORWARD: 'POWER FORWARD'>],28,Team.MEMPHIS_GRIZZLIES,65,6,0.09,21.09,1371,611,9.4,0.48,230,476,71,0.79,80,101,409,6.29,50,0.77,45,0.69,34,0.52,0.57
greenje02,Jeff Green,[<Position.POWER_FORWARD: 'POWER FORWARD'>],32,Team.WASHINGTON_WIZARDS,77,44,0.57,27.23,2097,946,12.29,0.47,326,687,111,0.89,183,206,309,4.01,137,1.78,43,0.56,39,0.51,1.36
griffbl01,Blake Griffin,[<Position.POWER_FORWARD: 'POWER FORWARD'>],29,Team.DETROIT_PISTONS,75,75,1.0,34.96,2622,1841,24.55,0.46,619,1341,189,0.75,414,550,565,7.53,402,5.36,52,0.69,28,0.37,1.59
hamilda02,Daniel Hamilton,[<Position.SHOOTING_GUARD: 'SHOOTING GUARD'>],23,Team.ATLANTA_HAWKS,19,3,0.16,10.74,204,57,3.0,0.38,23,60,8,0.5,3,6,47,2.47,22,1.16,6,0.32,1,0.05,1.38
hannadu01,Dusty Hannahs,[<Position.SHOOTING_GUARD: 'SHOOTING GUARD'>],25,Team.MEMPHIS_GRIZZLIES,2,0,0.0,13.0,26,8,4.0,0.25,3,12,0,1.0,2,2,1,0.5,5,2.5,1,0.5,0,0.0,5.0
hardati02,Tim Hardaway Jr.,[<Position.SHOOTING_GUARD: 'SHOOTING GUARD'>],26,Team.NEW_YORK_KNICKS,65,63,0.97,31.65,2057,1174,18.06,0.39,390,993,162,0.84,232,276,222,3.42,159,2.45,54,0.83,8,0.12,1.51
hardeja01,James Harden,[<Position.POINT_GUARD: 'POINT GUARD'>],29,Team.HOUSTON_ROCKETS,78,78,1.0,36.76,2867,2818,36.13,0.44,843,1909,378,0.88,754,858,518,6.64,586,7.51,158,2.03,58,0.74,1.51
harklma01,Maurice Harkless,[<Position.SMALL_FORWARD: 'SMALL FORWARD'>],25,Team.PORTLAND_TRAIL_BLAZERS,60,53,0.88,23.58,1415,460,7.67,0.49,189,388,33,0.67,49,73,269,4.48,74,1.23,67,1.12,53,0.88,1.64
harremo01,Montrezl Harrell,[<Position.CENTER: 'CENTER'>],25,Team.LOS_ANGELES_CLIPPERS,82,5,0.06,26.32,2158,1361,16.6,0.61,546,888,3,0.64,266,414,535,6.52,162,1.98,71,0.87,110,1.34,1.23
harride01,Devin Harris,[<Position.POINT_GUARD: 'POINT GUARD'>],35,Team.DALLAS_MAVERICKS,68,2,0.03,15.75,1071,428,6.29,0.38,132,347,62,0.76,102,134,112,1.65,122,1.79,35,0.51,16,0.24,2.18
harriga01,Gary Harris,[<Position.SHOOTING_GUARD: 'SHOOTING GUARD'>],24,Team.DENVER_NUGGETS,57,48,0.84,28.75,1639,737,12.93,0.42,270,637,82,0.8,115,144,160,2.81,127,2.23,55,0.96,19,0.33,1.87
harrijo01,Joe Harris,[<Position.SHOOTING_GUARD: 'SHOOTING GUARD'>],27,Team.BROOKLYN_NETS,76,76,1.0,30.17,2293,1041,13.7,0.5,374,748,183,0.83,110,133,291,3.83,181,2.38,38,0.5,17,0.22,1.5
harrito02,Tobias Harris,[<Position.POWER_FORWARD: 'POWER FORWARD'>],26,Team.LOS_ANGELES_CLIPPERS,82,82,1.0,34.72,2847,1644,20.05,0.49,611,1254,156,0.87,266,307,645,7.87,229,2.79,51,0.62,37,0.45,1.52
harrian01,Andrew Harrison,[<Position.POINT_GUARD: 'POINT GUARD'>],24,Team.MEMPHIS_GRIZZLIES,17,0,0.0,11.0,187,54,3.18,0.3,16,53,5,0.94,17,18,20,1.18,24,1.41,4,0.24,2,0.12,2.0
harrish01,Shaquille Harrison,[<Position.SHOOTING_GUARD: 'SHOOTING GUARD'>],25,Team.CHICAGO_BULLS,73,11,0.15,19.59,1430,474,6.49,0.43,184,426,24,0.67,82,123,222,3.04,139,1.9,89,1.22,30,0.41,2.32
hartjo01,Josh Hart,[<Position.SHOOTING_GUARD: 'SHOOTING GUARD'>],23,Team.LOS_ANGELES_LAKERS,67,22,0.33,25.6,1715,525,7.84,0.41,189,464,92,0.69,55,80,248,3.7,93,1.39,64,0.96,40,0.6,1.6
harteis01,Isaiah Hartenstein,[<Position.POWER_FORWARD: 'POWER FORWARD'>],20,Team.HOUSTON_ROCKETS,28,0,0.0,7.89,221,53,1.89,0.49,20,41,2,0.79,11,14,47,1.68,15,0.54,7,0.25,12,0.43,1.15
hasleud01,Udonis Haslem,[<Position.CENTER: 'CENTER'>],38,Team.MIAMI_HEAT,10,1,0.1,7.4,74,25,2.5,0.33,11,33,0,0.75,3,4,27,2.7,2,0.2,0,0.0,0,0.0,0.67
haywago01,Gordon Hayward,[<Position.POWER_FORWARD: 'POWER FORWARD'>],28,Team.BOSTON_CELTICS,72,18,0.25,25.88,1863,825,11.46,0.47,296,635,77,0.83,156,187,322,4.47,244,3.39,62,0.86,23,0.32,2.32
hensojo01,John Henson,[<Position.CENTER: 'CENTER'>],28,Team.MILWAUKEE_BUCKS,14,0,0.0,13.43,188,79,5.64,0.46,31,67,11,0.6,6,10,71,5.07,14,1.0,7,0.5,11,0.79,1.17
hernaju01,Juan Hernangómez,[<Position.POWER_FORWARD: 'POWER FORWARD'>],23,Team.DENVER_NUGGETS,70,25,0.36,19.4,1358,408,5.83,0.44,138,314,66,0.77,66,86,265,3.79,55,0.79,27,0.39,24,0.34,1.49
hernawi01,Willy Hernangómez,[<Position.CENTER: 'CENTER'>],24,Team.CHARLOTTE_HORNETS,58,3,0.05,14.0,812,421,7.26,0.52,153,295,15,0.69,100,144,311,5.36,60,1.03,16,0.28,20,0.34,1.03
hezonma01,Mario Hezonja,[<Position.SMALL_FORWARD: 'SMALL FORWARD'>],23,Team.NEW_YORK_KNICKS,58,24,0.41,20.79,1206,511,8.81,0.41,191,464,42,0.76,87,114,239,4.12,88,1.52,57,0.98,8,0.14,1.0
hicksis01,Isaiah Hicks,[<Position.POWER_FORWARD: 'POWER FORWARD'>],24,Team.NEW_YORK_KNICKS,3,0,0.0,10.67,32,12,4.0,0.5,4,8,0,0.8,4,5,7,2.33,2,0.67,1,0.33,3,1.0,2.0
hieldbu01,Buddy Hield,[<Position.SHOOTING_GUARD: 'SHOOTING GUARD'>],26,Team.SACRAMENTO_KINGS,82,82,1.0,31.89,2615,1695,20.67,0.46,623,1360,278,0.89,171,193,412,5.02,205,2.5,58,0.71,33,0.4,1.4
highsha01,Haywood Highsmith,[<Position.SMALL_FORWARD: 'SMALL FORWARD'>],22,Team.PHILADELPHIA_76ERS,5,0,0.0,8.0,40,9,1.8,0.4,4,10,1,0.0,0,2,5,1.0,2,0.4,1,0.2,0,0.0,2.0
hilarne01,Nenê,[<Position.CENTER: 'CENTER'>],36,Team.HOUSTON_ROCKETS,42,2,0.05,13.0,546,151,3.6,0.52,60,116,0,0.66,31,47,123,2.93,26,0.62,18,0.43,15,0.36,2.36
hillge01,George Hill,[<Position.POINT_GUARD: 'POINT GUARD'>],32,Team.CLEVELAND_CAVALIERS,60,13,0.22,21.7,1302,458,7.63,0.45,170,376,48,0.82,70,85,148,2.47,135,2.25,52,0.87,8,0.13,2.65
hillso01,Solomon Hill,[<Position.SMALL_FORWARD: 'SMALL FORWARD'>],27,Team.NEW_ORLEANS_PELICANS,44,15,0.34,19.95,878,191,4.34,0.38,68,178,32,0.72,23,32,133,3.02,55,1.25,23,0.52,10,0.23,1.77
holidaa01,Aaron Holiday,[<Position.POINT_GUARD: 'POINT GUARD'>],22,Team.INDIANA_PACERS,50,0,0.0,12.92,646,294,5.88,0.4,105,262,43,0.82,41,50,67,1.34,87,1.74,21,0.42,13,0.26,2.17
holidjr01,Jrue Holiday,[<Position.SHOOTING_GUARD: 'SHOOTING GUARD'>],28,Team.NEW_ORLEANS_PELICANS,67,67,1.0,35.85,2402,1420,21.19,0.47,547,1159,118,0.77,208,271,334,4.99,518,7.73,109,1.63,54,0.81,2.47
holidju01,Justin Holiday,[<Position.SHOOTING_GUARD: 'SHOOTING GUARD'>],29,Team.CHICAGO_BULLS,82,77,0.94,31.79,2607,857,10.45,0.39,300,777,162,0.9,95,106,323,3.94,146,1.78,121,1.48,36,0.44,1.4
hollajo02,John Holland,[<Position.SMALL_FORWARD: 'SMALL FORWARD'>],30,Team.CLEVELAND_CAVALIERS,1,0,0.0,1.0,1,0,0.0,0,0,0,0,0,0,0,0,0.0,0,0.0,0,0.0,0,0.0,0
holliro01,Rondae Hollis-Jefferson,[<Position.SMALL_FORWARD: 'SMALL FORWARD'>],24,Team.BROOKLYN_NETS,59,21,0.36,20.92,1234,527,8.93,0.41,200,487,9,0.64,118,183,310,5.25,96,1.63,44,0.75,27,0.46,1.41
holmeri01,Richaun Holmes,[<Position.CENTER: 'CENTER'>],25,Team.PHOENIX_SUNS,70,4,0.06,16.91,1184,572,8.17,0.61,222,365,0,0.73,128,175,331,4.73,60,0.86,42,0.6,79,1.13,1.15
hoodro01,Rodney Hood,[<Position.SHOOTING_GUARD: 'SHOOTING GUARD'>],26,Team.CLEVELAND_CAVALIERS,72,49,0.68,26.29,1893,805,11.18,0.44,292,671,84,0.88,137,155,157,2.18,126,1.75,59,0.82,12,0.17,2.29
horfoal01,Al Horford,[<Position.CENTER: 'CENTER'>],32,Team.BOSTON_CELTICS,68,68,1.0,29.01,1973,925,13.6,0.54,387,723,73,0.82,78,95,458,6.74,283,4.16,59,0.87,86,1.26,2.77
houseda01,Danuel House,[<Position.SMALL_FORWARD: 'SMALL FORWARD'>],25,Team.HOUSTON_ROCKETS,39,13,0.33,25.1,979,366,9.38,0.47,118,252,74,0.79,56,71,140,3.59,40,1.03,21,0.54,11,0.28,1.14
howardw01,Dwight Howard,[<Position.CENTER: 'CENTER'>],33,Team.WASHINGTON_WIZARDS,9,9,1.0,25.56,230,115,12.78,0.62,43,69,0,0.6,29,48,83,9.22,4,0.44,7,0.78,4,0.44,0.25
huertke01,Kevin Huerter,[<Position.SHOOTING_GUARD: 'SHOOTING GUARD'>],20,Team.ATLANTA_HAWKS,75,59,0.79,27.31,2048,727,9.69,0.42,275,657,136,0.73,41,56,245,3.27,214,2.85,65,0.87,25,0.33,1.96
humphis01,Isaac Humphries,[<Position.CENTER: 'CENTER'>],21,Team.ATLANTA_HAWKS,5,1,0.2,11.2,56,15,3.0,0.29,6,21,3,0,0,0,11,2.2,0,0.0,1,0.2,0,0.0,0
hunterj01,R.J. Hunter,[<Position.SHOOTING_GUARD: 'SHOOTING GUARD'>],25,Team.BOSTON_CELTICS,1,0,0.0,26.0,26,17,17.0,0.46,6,13,4,0.5,1,2,3,3.0,3,3.0,1,1.0,0,0.0,3
hutchch01,Chandler Hutchison,[<Position.SMALL_FORWARD: 'SMALL FORWARD'>],22,Team.CHICAGO_BULLS,44,14,0.32,20.34,895,229,5.2,0.46,96,209,14,0.61,23,38,185,4.2,34,0.77,23,0.52,6,0.14,1.36
ibakase01,Serge Ibaka,[<Position.CENTER: 'CENTER'>],29,Team.TORONTO_RAPTORS,74,51,0.69,27.16,2010,1112,15.03,0.53,464,877,49,0.76,135,177,601,8.12,99,1.34,29,0.39,103,1.39,0.87
iguodan01,Andre Iguodala,[<Position.SMALL_FORWARD: 'SMALL FORWARD'>],35,Team.GOLDEN_STATE_WARRIORS,68,13,0.19,23.21,1578,389,5.72,0.5,151,302,48,0.58,39,67,252,3.71,216,3.18,61,0.9,51,0.75,4.15
ilyaser01,Ersan İlyasova,[<Position.POWER_FORWARD: 'POWER FORWARD'>],31,Team.MILWAUKEE_BUCKS,67,7,0.1,18.37,1231,453,6.76,0.44,167,381,58,0.82,61,74,302,4.51,52,0.78,32,0.48,20,0.3,1.08
inglejo01,Joe Ingles,[<Position.POWER_FORWARD: 'POWER FORWARD'>],31,Team.UTAH_JAZZ,82,82,1.0,31.32,2568,994,12.12,0.45,359,802,189,0.71,87,123,330,4.02,469,5.72,98,1.2,20,0.24,2.43
ingraan01,Andre Ingram,[<Position.SHOOTING_GUARD: 'SHOOTING GUARD'>],33,Team.LOS_ANGELES_LAKERS,4,0,0.0,3.75,15,0,0.0,0.0,0,6,0,0,0,0,2,0.5,0,0.0,1,0.25,0,0.0,0.0
ingrabr01,Brandon Ingram,[<Position.SMALL_FORWARD: 'SMALL FORWARD'>],21,Team.LOS_ANGELES_LAKERS,52,52,1.0,33.85,1760,950,18.27,0.5,362,729,31,0.67,195,289,267,5.13,154,2.96,28,0.54,31,0.6,1.19
irvinky01,Kyrie Irving,[<Position.POINT_GUARD: 'POINT GUARD'>],26,Team.BOSTON_CELTICS,67,67,1.0,33.04,2214,1596,23.82,0.49,604,1241,174,0.87,214,245,335,5.0,464,6.93,103,1.54,34,0.51,2.7
isaacjo01,Jonathan Isaac,[<Position.POWER_FORWARD: 'POWER FORWARD'>],21,Team.ORLANDO_MAGIC,75,64,0.85,26.61,1996,720,9.6,0.43,262,611,86,0.81,110,135,411,5.48,80,1.07,59,0.79,98,1.31,1.07
iwundwe01,Wesley Iwundu,[<Position.SMALL_FORWARD: 'SMALL FORWARD'>],24,Team.ORLANDO_MAGIC,68,13,0.19,18.13,1233,339,4.99,0.41,113,274,29,0.82,84,103,184,2.71,73,1.07,28,0.41,22,0.32,1.66
jacksde01,Demetrius Jackson,[<Position.POINT_GUARD: 'POINT GUARD'>],24,Team.PHILADELPHIA_76ERS,6,0,0.0,6.5,39,22,3.67,0.53,8,15,2,1.0,4,4,3,0.5,5,0.83,2,0.33,0,0.0,5.0
jacksfr01,Frank Jackson,[<Position.POINT_GUARD: 'POINT GUARD'>],20,Team.NEW_ORLEANS_PELICANS,61,16,0.26,19.16,1169,495,8.11,0.43,194,447,53,0.74,54,73,134,2.2,69,1.13,25,0.41,2,0.03,1.44
jacksja02,Jaren Jackson Jr.,[<Position.POWER_FORWARD: 'POWER FORWARD'>],19,Team.MEMPHIS_GRIZZLIES,58,56,0.97,26.12,1515,798,13.76,0.51,298,589,51,0.77,151,197,272,4.69,64,1.1,52,0.9,82,1.41,0.65
jacksjo02,Josh Jackson,[<Position.SHOOTING_GUARD: 'SHOOTING GUARD'>],21,Team.PHOENIX_SUNS,79,29,0.37,25.16,1988,910,11.52,0.41,347,841,73,0.67,143,213,347,4.39,183,2.32,74,0.94,56,0.71,1.06
jacksju01,Justin Jackson,[<Position.SMALL_FORWARD: 'SMALL FORWARD'>],23,Team.SACRAMENTO_KINGS,81,14,0.17,19.93,1614,583,7.2,0.45,217,485,87,0.78,62,79,212,2.62,96,1.19,32,0.4,14,0.17,3.31
jacksre01,Reggie Jackson,[<Position.POINT_GUARD: 'POINT GUARD'>],28,Team.DETROIT_PISTONS,82,82,1.0,27.91,2289,1260,15.37,0.42,441,1047,174,0.86,204,236,216,2.63,344,4.2,55,0.67,9,0.11,2.32
jamesle01,LeBron James,[<Position.SMALL_FORWARD: 'SMALL FORWARD'>],34,Team.LOS_ANGELES_LAKERS,55,55,1.0,35.22,1937,1505,27.36,0.51,558,1095,111,0.67,278,418,465,8.45,454,8.25,72,1.31,33,0.6,2.3
jeffeam01,Amile Jefferson,[<Position.POWER_FORWARD: 'POWER FORWARD'>],25,Team.ORLANDO_MAGIC,12,0,0.0,5.67,68,27,2.25,0.62,10,16,0,0.88,7,8,21,1.75,3,0.25,3,0.25,3,0.25,3.0
jenkijo01,John Jenkins,[<Position.SHOOTING_GUARD: 'SHOOTING GUARD'>],27,Team.WASHINGTON_WIZARDS,26,0,0.0,12.81,333,121,4.65,0.4,42,105,22,0.83,15,18,37,1.42,22,0.85,0,0.0,2,0.08,2.44
jerebjo01,Jonas Jerebko,[<Position.POWER_FORWARD: 'POWER FORWARD'>],31,Team.GOLDEN_STATE_WARRIORS,73,6,0.08,16.68,1218,459,6.29,0.46,163,355,69,0.8,64,80,288,3.95,96,1.32,27,0.37,18,0.25,2.23
johnsal02,Alize Johnson,[<Position.POWER_FORWARD: 'POWER FORWARD'>],22,Team.INDIANA_PACERS,14,0,0.0,4.57,64,13,0.93,0.25,4,16,1,0.5,4,8,19,1.36,1,0.07,1,0.07,3,0.21,1
johnsam01,Amir Johnson,[<Position.CENTER: 'CENTER'>],31,Team.PHILADELPHIA_76ERS,51,6,0.12,10.37,529,201,3.94,0.5,79,157,12,0.76,31,41,147,2.88,60,1.18,16,0.31,13,0.25,1.33
johnsbj01,B.J. Johnson,[<Position.SMALL_FORWARD: 'SMALL FORWARD'>],23,Team.ATLANTA_HAWKS,7,0,0.0,7.0,49,23,3.29,0.5,9,18,3,1.0,2,2,8,1.14,0,0.0,2,0.29,0,0.0,0.0
johnsja01,James Johnson,[<Position.POWER_FORWARD: 'POWER FORWARD'>],31,Team.MIAMI_HEAT,55,33,0.6,21.16,1164,428,7.78,0.43,164,379,50,0.71,50,70,176,3.2,135,2.45,35,0.64,27,0.49,1.82
johnsst04,Stanley Johnson,[<Position.SMALL_FORWARD: 'SMALL FORWARD'>],22,Team.DETROIT_PISTONS,66,7,0.11,18.3,1208,454,6.88,0.39,171,440,62,0.78,50,64,217,3.29,88,1.33,60,0.91,14,0.21,1.09
johnsty01,Tyler Johnson,[<Position.POINT_GUARD: 'POINT GUARD'>],26,Team.MIAMI_HEAT,57,22,0.39,26.82,1529,619,10.86,0.41,217,526,90,0.75,95,127,173,3.04,166,2.91,54,0.95,27,0.47,2.16
johnswe01,Wesley Johnson,[<Position.SMALL_FORWARD: 'SMALL FORWARD'>],31,Team.NEW_ORLEANS_PELICANS,38,13,0.34,14.05,534,128,3.37,0.35,45,128,25,0.68,13,19,72,1.89,23,0.61,14,0.37,12,0.32,1.28
jokicni01,Nikola Jokić,[<Position.CENTER: 'CENTER'>],23,Team.DENVER_NUGGETS,80,80,1.0,31.3,2504,1604,20.05,0.51,616,1206,83,0.82,289,352,865,10.81,580,7.25,108,1.35,55,0.69,2.34
jonesda03,Damian Jones,[<Position.CENTER: 'CENTER'>],23,Team.GOLDEN_STATE_WARRIORS,24,22,0.92,17.08,410,130,5.42,0.72,53,74,0,0.65,24,37,75,3.12,28,1.17,12,0.5,25,1.04,1.75
jonesde02,Derrick Jones Jr.,[<Position.SMALL_FORWARD: 'SMALL FORWARD'>],21,Team.MIAMI_HEAT,60,14,0.23,19.22,1153,422,7.03,0.49,160,324,28,0.61,74,122,240,4.0,37,0.62,46,0.77,42,0.7,0.86
jonesja04,Jalen Jones,[<Position.SMALL_FORWARD: 'SMALL FORWARD'>],25,Team.CLEVELAND_CAVALIERS,16,0,0.0,13.38,214,81,5.06,0.42,26,62,10,0.7,19,27,34,2.12,7,0.44,9,0.56,2,0.12,0.88
jonesje01,Jemerrio Jones,[<Position.SMALL_FORWARD: 'SMALL FORWARD'>],23,Team.LOS_ANGELES_LAKERS,6,2,0.33,23.83,143,27,4.5,0.36,12,33,2,0.5,1,2,49,8.17,13,2.17,7,1.17,5,0.83,2.6
joneste01,Terrence Jones,[<Position.POWER_FORWARD: 'POWER FORWARD'>],27,Team.HOUSTON_ROCKETS,2,0,0.0,2.5,5,2,1.0,0.25,1,4,0,0.0,0,1,4,2.0,0,0.0,0,0.0,0,0.0,0.0
jonesty01,Tyus Jones,[<Position.POINT_GUARD: 'POINT GUARD'>],22,Team.MINNESOTA_TIMBERWOLVES,68,23,0.34,22.94,1560,468,6.88,0.41,185,446,40,0.84,58,69,134,1.97,327,4.81,81,1.19,5,0.07,6.96
jordade01,DeAndre Jordan,[<Position.CENTER: 'CENTER'>],30,Team.DALLAS_MAVERICKS,69,69,1.0,29.67,2047,758,10.99,0.64,286,446,0,0.7,186,264,902,13.07,156,2.26,42,0.61,73,1.06,1.02
josepco01,Cory Joseph,[<Position.POINT_GUARD: 'POINT GUARD'>],27,Team.INDIANA_PACERS,82,9,0.11,25.16,2063,537,6.55,0.41,226,548,55,0.7,30,43,279,3.4,321,3.91,94,1.15,22,0.27,4.01
kaminfr01,Frank Kaminsky,[<Position.CENTER: 'CENTER'>],25,Team.CHARLOTTE_HORNETS,47,0,0.0,16.06,755,405,8.62,0.46,138,298,50,0.74,79,107,163,3.47,63,1.34,12,0.26,12,0.26,1.54
kanteen01,Enes Kanter,[<Position.CENTER: 'CENTER'>],26,Team.NEW_YORK_KNICKS,67,31,0.46,24.48,1640,915,13.66,0.55,375,683,10,0.79,155,197,659,9.84,116,1.73,32,0.48,26,0.39,0.98
kennalu01,Luke Kennard,[<Position.SHOOTING_GUARD: 'SHOOTING GUARD'>],22,Team.DETROIT_PISTONS,63,10,0.16,22.81,1437,613,9.73,0.44,228,520,106,0.84,51,61,183,2.9,114,1.81,26,0.41,10,0.16,2.0
kiddgmi01,Michael Kidd-Gilchrist,[<Position.POWER_FORWARD: 'POWER FORWARD'>],25,Team.CHARLOTTE_HORNETS,64,3,0.05,18.42,1179,427,6.67,0.48,158,332,16,0.77,95,123,246,3.84,61,0.95,32,0.5,39,0.61,1.42
kingge03,George King,[<Position.SMALL_FORWARD: 'SMALL FORWARD'>],25,Team.PHOENIX_SUNS,1,0,0.0,6.0,6,0,0.0,0,0,0,0,0,0,0,1,1.0,0,0.0,0,0.0,0,0.0,0
klebima01,Maxi Kleber,[<Position.POWER_FORWARD: 'POWER FORWARD'>],27,Team.DALLAS_MAVERICKS,71,18,0.25,21.15,1502,485,6.83,0.45,175,386,77,0.78,58,74,329,4.63,70,0.99,36,0.51,78,1.1,1.3
knighbr03,Brandon Knight,[<Position.POINT_GUARD: 'POINT GUARD'>],27,Team.HOUSTON_ROCKETS,39,26,0.67,18.87,736,266,6.82,0.38,99,260,41,0.79,27,34,59,1.51,71,1.82,21,0.54,2,0.05,2.37
knoxke01,Kevin Knox,[<Position.POWER_FORWARD: 'POWER FORWARD'>],19,Team.NEW_YORK_KNICKS,75,57,0.76,28.77,2158,963,12.84,0.37,338,914,125,0.72,162,226,335,4.47,82,1.09,43,0.57,24,0.32,0.72
korkmfu01,Furkan Korkmaz,[<Position.SHOOTING_GUARD: 'SHOOTING GUARD'>],21,Team.PHILADELPHIA_76ERS,48,7,0.15,14.15,679,279,5.81,0.4,98,245,47,0.82,36,44,107,2.23,52,1.08,29,0.6,2,0.04,2.08
kornelu01,Luke Kornet,[<Position.POWER_FORWARD: 'POWER FORWARD'>],23,Team.NEW_YORK_KNICKS,46,18,0.39,17.04,784,322,7.0,0.38,107,283,70,0.83,38,46,135,2.93,54,1.17,27,0.59,42,0.91,2.16
korveky01,Kyle Korver,[<Position.POWER_FORWARD: 'POWER FORWARD'>],37,Team.CLEVELAND_CAVALIERS,70,0,0.0,19.06,1334,600,8.57,0.42,201,483,138,0.82,60,73,162,2.31,81,1.16,25,0.36,12,0.17,1.37
koufoko01,Kosta Koufos,[<Position.CENTER: 'CENTER'>],29,Team.SACRAMENTO_KINGS,42,1,0.02,11.95,502,156,3.71,0.48,73,153,0,0.42,10,24,177,4.21,36,0.86,15,0.36,18,0.43,1.33
kurucro01,Rodions Kurucs,[<Position.SMALL_FORWARD: 'SMALL FORWARD'>],20,Team.BROOKLYN_NETS,63,46,0.73,20.54,1294,534,8.48,0.45,202,449,58,0.78,72,92,246,3.9,52,0.83,41,0.65,25,0.4,0.68
kuzmaky01,Kyle Kuzma,[<Position.POWER_FORWARD: 'POWER FORWARD'>],23,Team.LOS_ANGELES_LAKERS,70,68,0.97,33.06,2314,1308,18.69,0.46,496,1087,128,0.75,188,250,382,5.46,178,2.54,41,0.59,26,0.37,1.34
labissk01,Skal Labissière,[<Position.POWER_FORWARD: 'POWER FORWARD'>],22,Team.SACRAMENTO_KINGS,22,1,0.05,8.0,176,67,3.05,0.53,26,49,6,0.53,9,17,43,1.95,11,0.5,5,0.23,6,0.27,1.0
lambje01,Jeremy Lamb,[<Position.SHOOTING_GUARD: 'SHOOTING GUARD'>],26,Team.CHARLOTTE_HORNETS,79,55,0.7,28.48,2250,1208,15.29,0.44,431,979,115,0.89,231,260,434,5.49,172,2.18,88,1.11,32,0.41,2.15
lavinza01,Zach LaVine,[<Position.SHOOTING_GUARD: 'SHOOTING GUARD'>],23,Team.CHICAGO_BULLS,63,62,0.98,34.46,2171,1492,23.68,0.47,530,1135,120,0.83,312,375,294,4.67,283,4.49,60,0.95,26,0.41,1.32
laymaja01,Jake Layman,[<Position.SMALL_FORWARD: 'SMALL FORWARD'>],24,Team.PORTLAND_TRAIL_BLAZERS,71,33,0.46,18.69,1327,541,7.62,0.51,216,424,59,0.7,50,71,217,3.06,53,0.75,31,0.44,30,0.42,1.15
leaftj01,T.J. Leaf,[<Position.POWER_FORWARD: 'POWER FORWARD'>],21,Team.INDIANA_PACERS,58,1,0.02,9.0,522,225,3.88,0.54,99,183,8,0.61,19,31,125,2.16,24,0.41,9,0.16,19,0.33,2.0
leeco01,Courtney Lee,[<Position.SHOOTING_GUARD: 'SHOOTING GUARD'>],33,Team.NEW_YORK_KNICKS,34,6,0.18,12.59,428,136,4.0,0.41,53,129,16,0.67,14,21,54,1.59,37,1.09,21,0.62,3,0.09,2.64
leeda03,Damion Lee,[<Position.SHOOTING_GUARD: 'SHOOTING GUARD'>],26,Team.GOLDEN_STATE_WARRIORS,32,0,0.0,11.72,375,158,4.94,0.44,56,127,27,0.86,19,22,64,2.0,13,0.41,13,0.41,0,0.0,1.18
lemonwa01,Walt Lemon Jr.,[<Position.POINT_GUARD: 'POINT GUARD'>],26,Team.CHICAGO_BULLS,6,3,0.5,27.83,167,86,14.33,0.44,38,87,2,0.73,8,11,27,4.5,30,5.0,11,1.83,1,0.17,3.0
lenal01,Alex Len,[<Position.CENTER: 'CENTER'>],25,Team.ATLANTA_HAWKS,77,31,0.4,20.05,1544,854,11.09,0.49,320,648,74,0.65,140,216,424,5.51,86,1.12,27,0.35,69,0.9,0.89
leonaka01,Kawhi Leonard,[<Position.SMALL_FORWARD: 'SMALL FORWARD'>],27,Team.TORONTO_RAPTORS,60,60,1.0,34.0,2040,1596,26.6,0.5,560,1129,112,0.85,364,426,439,7.32,199,3.32,106,1.77,24,0.4,1.64
leoname01,Meyers Leonard,[<Position.CENTER: 'CENTER'>],26,Team.PORTLAND_TRAIL_BLAZERS,61,2,0.03,14.39,878,357,5.85,0.55,132,242,50,0.84,43,51,233,3.82,75,1.23,13,0.21,9,0.15,1.74
leuerjo01,Jon Leuer,[<Position.POWER_FORWARD: 'POWER FORWARD'>],29,Team.DETROIT_PISTONS,41,1,0.02,9.8,402,156,3.8,0.58,66,113,1,0.74,23,31,97,2.37,14,0.34,12,0.29,4,0.1,0.61
leverca01,Caris LeVert,[<Position.SMALL_FORWARD: 'SMALL FORWARD'>],24,Team.BROOKLYN_NETS,40,25,0.62,26.57,1063,547,13.68,0.43,207,483,48,0.69,85,123,151,3.77,156,3.9,42,1.05,14,0.35,2.26
lillada01,Damian Lillard,[<Position.POINT_GUARD: 'POINT GUARD'>],28,Team.PORTLAND_TRAIL_BLAZERS,80,80,1.0,35.48,2838,2067,25.84,0.44,681,1533,237,0.91,468,513,371,4.64,551,6.89,88,1.1,34,0.42,2.6
linje01,Jeremy Lin,[<Position.POINT_GUARD: 'POINT GUARD'>],30,Team.ATLANTA_HAWKS,74,4,0.05,19.41,1436,707,9.55,0.44,238,541,55,0.84,176,210,179,2.42,231,3.12,47,0.64,13,0.18,1.86
livinsh01,Shaun Livingston,[<Position.POINT_GUARD: 'POINT GUARD'>],33,Team.GOLDEN_STATE_WARRIORS,64,0,0.0,15.11,967,258,4.03,0.52,109,210,0,0.78,40,51,117,1.83,114,1.78,31,0.48,27,0.42,3.0
loftoza01,Zach Lofton,[<Position.SHOOTING_GUARD: 'SHOOTING GUARD'>],26,Team.DETROIT_PISTONS,1,0,0.0,4.0,4,0,0.0,0.0,0,1,0,0,0,0,0,0.0,0,0.0,1,1.0,0,0.0,0.0
looneke01,Kevon Looney,[<Position.CENTER: 'CENTER'>],22,Team.GOLDEN_STATE_WARRIORS,80,24,0.3,18.51,1481,500,6.25,0.63,217,347,1,0.62,65,105,417,5.21,123,1.54,46,0.57,53,0.66,2.41
lopezbr01,Brook Lopez,[<Position.CENTER: 'CENTER'>],30,Team.MILWAUKEE_BUCKS,81,81,1.0,28.67,2322,1009,12.46,0.45,355,786,187,0.84,112,133,396,4.89,98,1.21,51,0.63,179,2.21,1.2
lopezro01,Robin Lopez,[<Position.CENTER: 'CENTER'>],30,Team.CHICAGO_BULLS,74,36,0.49,21.7,1606,704,9.51,0.57,304,535,7,0.72,89,123,286,3.86,89,1.2,11,0.15,78,1.05,0.93
loveke01,Kevin Love,[<Position.POWER_FORWARD: 'POWER FORWARD'>],30,Team.CLEVELAND_CAVALIERS,22,21,0.95,27.18,598,374,17.0,0.39,109,283,53,0.9,103,114,239,10.86,48,2.18,6,0.27,5,0.23,1.14
lowryky01,Kyle Lowry,[<Position.POINT_GUARD: 'POINT GUARD'>],32,Team.TORONTO_RAPTORS,65,65,1.0,34.05,2213,926,14.25,0.41,304,739,157,0.83,161,194,312,4.8,564,8.68,91,1.4,31,0.48,3.1
loydjo01,Jordan Loyd,[<Position.POINT_GUARD: 'POINT GUARD'>],25,Team.TORONTO_RAPTORS,12,0,0.0,4.58,55,29,2.42,0.44,8,18,4,0.82,9,11,9,0.75,6,0.5,0,0.0,0,0.0,3.0
lucaska01,Kalin Lucas,[<Position.POINT_GUARD: 'POINT GUARD'>],29,Team.DETROIT_PISTONS,1,0,0.0,6.0,6,2,2.0,0.0,0,1,0,1.0,2,2,3,3.0,1,1.0,0,0.0,0,0.0,1
luwawti01,Timothé Luwawu-Cabarrot,[<Position.SMALL_FORWARD: 'SMALL FORWARD'>],23,Team.OKLAHOMA_CITY_THUNDER,50,7,0.14,13.38,669,231,4.62,0.38,82,218,36,0.76,31,41,97,1.94,26,0.52,19,0.38,8,0.16,1.24
lydonty01,Tyler Lydon,[<Position.POWER_FORWARD: 'POWER FORWARD'>],22,Team.DENVER_NUGGETS,25,0,0.0,3.76,94,23,0.92,0.5,9,18,4,0.33,1,3,18,0.72,6,0.24,2,0.08,0,0.0,1.5
lylestr01,Trey Lyles,[<Position.POWER_FORWARD: 'POWER FORWARD'>],23,Team.DENVER_NUGGETS,64,2,0.03,17.5,1120,546,8.53,0.42,207,495,51,0.7,81,116,246,3.84,87,1.36,30,0.47,23,0.36,1.28
machasc01,Scott Machado,[<Position.POINT_GUARD: 'POINT GUARD'>],28,Team.LOS_ANGELES_LAKERS,4,0,0.0,4.75,19,10,2.5,0.67,4,6,1,1.0,1,1,0,0.0,3,0.75,1,0.25,0,0.0,3
macksh01,Shelvin Mack,[<Position.POINT_GUARD: 'POINT GUARD'>],28,Team.MEMPHIS_GRIZZLIES,57,3,0.05,21.86,1246,430,7.54,0.4,163,403,46,0.69,58,84,104,1.82,183,3.21,47,0.82,4,0.07,2.77
maconda01,Daryl Macon,[<Position.SHOOTING_GUARD: 'SHOOTING GUARD'>],23,Team.DALLAS_MAVERICKS,8,0,0.0,11.25,90,29,3.62,0.37,10,27,5,0.57,4,7,12,1.5,7,0.88,1,0.12,0,0.0,1.17
macurjp01,J.P. Macura,[<Position.SHOOTING_GUARD: 'SHOOTING GUARD'>],23,Team.CHARLOTTE_HORNETS,2,0,0.0,8.5,17,6,3.0,0.33,3,9,0,0,0,0,3,1.5,2,1.0,0,0.0,0,0.0,2
mahinia01,Ian Mahinmi,[<Position.CENTER: 'CENTER'>],32,Team.WASHINGTON_WIZARDS,34,6,0.18,14.65,498,139,4.09,0.45,47,104,3,0.69,42,61,128,3.76,25,0.74,25,0.74,16,0.47,1.19
makerth01,Thon Maker,[<Position.CENTER: 'CENTER'>],21,Team.MILWAUKEE_BUCKS,64,5,0.08,15.19,972,323,5.05,0.41,109,268,49,0.67,56,84,202,3.16,45,0.7,21,0.33,51,0.8,1.36
marjabo01,Boban Marjanović,[<Position.CENTER: 'CENTER'>],30,Team.LOS_ANGELES_CLIPPERS,58,12,0.21,11.74,681,422,7.28,0.62,160,260,4,0.75,98,131,265,4.57,54,0.93,16,0.28,27,0.47,0.92
markkla01,Lauri Markkanen,[<Position.POWER_FORWARD: 'POWER FORWARD'>],21,Team.CHICAGO_BULLS,52,51,0.98,32.35,1682,974,18.73,0.43,342,795,120,0.87,170,195,470,9.04,75,1.44,37,0.71,33,0.63,0.88
martija01,Jarell Martin,[<Position.POWER_FORWARD: 'POWER FORWARD'>],24,Team.ORLANDO_MAGIC,42,1,0.02,7.81,328,115,2.74,0.41,43,104,20,0.82,9,11,73,1.74,18,0.43,3,0.07,8,0.19,1.64
masonfr01,Frank Mason III,[<Position.POINT_GUARD: 'POINT GUARD'>],24,Team.SACRAMENTO_KINGS,38,0,0.0,11.45,435,195,5.13,0.42,71,169,14,0.68,39,57,43,1.13,84,2.21,16,0.42,4,0.11,2.33
matenya01,Yante Maten,[<Position.POWER_FORWARD: 'POWER FORWARD'>],22,Team.MIAMI_HEAT,2,0,0.0,6.5,13,2,1.0,0.25,1,4,0,0,0,0,3,1.5,0,0.0,1,0.5,0,0.0,0
matthwe02,Wesley Matthews,[<Position.SMALL_FORWARD: 'SMALL FORWARD'>],32,Team.DALLAS_MAVERICKS,69,68,0.99,30.3,2091,840,12.17,0.4,279,698,150,0.81,132,163,170,2.46,160,2.32,54,0.78,17,0.25,1.76
mbahalu01,Luc Mbah a Moute,[<Position.POWER_FORWARD: 'POWER FORWARD'>],32,Team.LOS_ANGELES_CLIPPERS,4,0,0.0,15.25,61,20,5.0,0.44,8,18,2,0.4,2,5,7,1.75,2,0.5,1,0.25,1,0.25,1.0
mccalta01,Tahjere McCall,[<Position.SHOOTING_GUARD: 'SHOOTING GUARD'>],24,Team.BROOKLYN_NETS,1,0,0.0,8.0,8,4,4.0,0.67,2,3,0,0.0,0,1,1,1.0,0,0.0,0,0.0,0,0.0,0
mccawpa01,Patrick McCaw,[<Position.SHOOTING_GUARD: 'SHOOTING GUARD'>],23,Team.CLEVELAND_CAVALIERS,29,1,0.03,13.69,397,74,2.55,0.41,26,63,9,0.87,13,15,48,1.66,29,1.0,23,0.79,2,0.07,1.71
mccolcj01,CJ McCollum,[<Position.SHOOTING_GUARD: 'SHOOTING GUARD'>],27,Team.PORTLAND_TRAIL_BLAZERS,70,70,1.0,33.93,2375,1468,20.97,0.46,571,1243,167,0.83,159,192,282,4.03,207,2.96,55,0.79,28,0.4,1.95
mccontj01,T.J. McConnell,[<Position.POINT_GUARD: 'POINT GUARD'>],26,Team.PHILADELPHIA_76ERS,76,3,0.04,19.34,1470,483,6.36,0.53,220,419,14,0.78,29,37,174,2.29,258,3.39,79,1.04,17,0.22,2.84
mcderdo01,Doug McDermott,[<Position.SMALL_FORWARD: 'SMALL FORWARD'>],27,Team.INDIANA_PACERS,77,1,0.01,17.4,1340,564,7.32,0.49,207,422,84,0.84,66,79,109,1.42,67,0.87,18,0.23,8,0.1,1.6
mcgeeja01,JaVale McGee,[<Position.CENTER: 'CENTER'>],31,Team.LOS_ANGELES_LAKERS,75,62,0.83,22.28,1671,897,11.96,0.62,400,641,1,0.63,96,152,566,7.55,52,0.69,47,0.63,148,1.97,0.48
mcgruro01,Rodney McGruder,[<Position.SHOOTING_GUARD: 'SHOOTING GUARD'>],27,Team.MIAMI_HEAT,66,45,0.68,23.48,1550,503,7.62,0.4,186,461,79,0.72,52,72,238,3.61,112,1.7,36,0.55,12,0.18,1.75
mckinal01,Alfonzo McKinnie,[<Position.SMALL_FORWARD: 'SMALL FORWARD'>],26,Team.GOLDEN_STATE_WARRIORS,72,5,0.07,13.93,1003,337,4.68,0.49,134,275,42,0.56,27,48,247,3.43,31,0.43,18,0.25,15,0.21,1.03
mclembe01,Ben McLemore,[<Position.SHOOTING_GUARD: 'SHOOTING GUARD'>],25,Team.SACRAMENTO_KINGS,19,0,0.0,8.32,158,75,3.95,0.39,25,64,17,0.67,8,12,17,0.89,4,0.21,6,0.32,3,0.16,0.8
mcraejo01,Jordan McRae,[<Position.SHOOTING_GUARD: 'SHOOTING GUARD'>],27,Team.WASHINGTON_WIZARDS,27,0,0.0,12.33,333,160,5.93,0.47,61,130,10,0.8,28,35,40,1.48,30,1.11,13,0.48,7,0.26,2.0
meeksjo01,Jodie Meeks,[<Position.SHOOTING_GUARD: 'SHOOTING GUARD'>],31,Team.TORONTO_RAPTORS,8,0,0.0,13.0,104,51,6.38,0.54,21,39,8,1.0,1,1,12,1.5,8,1.0,1,0.12,1,0.12,4.0
mejrisa01,Salah Mejri,[<Position.CENTER: 'CENTER'>],32,Team.DALLAS_MAVERICKS,36,4,0.11,11.08,399,141,3.92,0.49,55,112,11,0.62,20,32,131,3.64,35,0.97,10,0.28,26,0.72,1.67
meltode01,De'Anthony Melton,[<Position.POINT_GUARD: 'POINT GUARD'>],20,Team.PHOENIX_SUNS,50,31,0.62,19.68,984,250,5.0,0.39,100,256,29,0.75,21,28,134,2.68,159,3.18,68,1.36,23,0.46,2.12
metuch01,Chimezie Metu,[<Position.POWER_FORWARD: 'POWER FORWARD'>],21,Team.SAN_ANTONIO_SPURS,29,0,0.0,5.0,145,51,1.76,0.33,19,58,0,0.76,13,17,36,1.24,13,0.45,6,0.21,2,0.07,0.87
middlkh01,Khris Middleton,[<Position.SMALL_FORWARD: 'SMALL FORWARD'>],27,Team.MILWAUKEE_BUCKS,77,77,1.0,31.08,2393,1407,18.27,0.44,506,1148,179,0.84,216,258,461,5.99,331,4.3,80,1.04,7,0.09,1.9
milescj01,C.J. Miles,[<Position.SMALL_FORWARD: 'SMALL FORWARD'>],31,Team.TORONTO_RAPTORS,53,1,0.02,16.15,856,339,6.4,0.36,112,311,67,0.83,48,58,95,1.79,36,0.68,26,0.49,15,0.28,1.2
milleda01,Darius Miller,[<Position.SMALL_FORWARD: 'SMALL FORWARD'>],28,Team.NEW_ORLEANS_PELICANS,69,15,0.22,25.46,1757,567,8.22,0.39,189,484,133,0.79,56,71,128,1.86,146,2.12,40,0.58,23,0.33,2.47
millema01,Malcolm Miller,[<Position.SMALL_FORWARD: 'SMALL FORWARD'>],25,Team.TORONTO_RAPTORS,10,0,0.0,6.7,67,35,3.5,0.42,11,26,10,0.75,3,4,5,0.5,1,0.1,1,0.1,1,0.1,1.0
millspa02,Patty Mills,[<Position.POINT_GUARD: 'POINT GUARD'>],30,Team.SAN_ANTONIO_SPURS,82,1,0.01,23.27,1908,811,9.89,0.43,282,663,159,0.85,88,103,182,2.22,245,2.99,49,0.6,10,0.12,2.63
millspa01,Paul Millsap,[<Position.POWER_FORWARD: 'POWER FORWARD'>],33,Team.DENVER_NUGGETS,70,65,0.93,27.07,1895,883,12.61,0.48,322,665,58,0.73,181,249,505,7.21,141,2.01,83,1.19,54,0.77,1.48
miltosh01,Shake Milton,[<Position.SHOOTING_GUARD: 'SHOOTING GUARD'>],22,Team.PHILADELPHIA_76ERS,20,0,0.0,13.4,268,87,4.35,0.39,34,87,14,0.71,5,7,35,1.75,18,0.9,8,0.4,8,0.4,3.0
mirotni01,Nikola Mirotić,[<Position.POWER_FORWARD: 'POWER FORWARD'>],27,Team.NEW_ORLEANS_PELICANS,46,25,0.54,27.07,1245,697,15.15,0.44,238,542,116,0.85,105,124,339,7.37,55,1.2,31,0.67,34,0.74,1.15
mitchdo01,Donovan Mitchell,[<Position.SHOOTING_GUARD: 'SHOOTING GUARD'>],22,Team.UTAH_JAZZ,77,77,1.0,33.74,2598,1829,23.75,0.43,661,1530,188,0.81,319,396,316,4.1,322,4.18,106,1.38,31,0.4,1.48
mitrona01,Naz Mitrou-Long,[<Position.SHOOTING_GUARD: 'SHOOTING GUARD'>],25,Team.UTAH_JAZZ,14,0,0.0,6.0,84,16,1.14,0.3,6,20,2,1.0,2,2,6,0.43,15,1.07,1,0.07,1,0.07,1.88
monkma01,Malik Monk,[<Position.SHOOTING_GUARD: 'SHOOTING GUARD'>],20,Team.CHARLOTTE_HORNETS,73,0,0.0,17.23,1258,653,8.95,0.39,227,586,109,0.88,90,102,137,1.88,117,1.6,37,0.51,19,0.26,1.36
monrogr01,Greg Monroe,[<Position.CENTER: 'CENTER'>],28,Team.TORONTO_RAPTORS,43,2,0.05,11.16,480,230,5.35,0.49,92,189,1,0.62,45,72,172,4.0,24,0.56,14,0.33,8,0.19,0.75
mooreet01,E'Twaun Moore,[<Position.SHOOTING_GUARD: 'SHOOTING GUARD'>],29,Team.NEW_ORLEANS_PELICANS,53,36,0.68,27.6,1463,633,11.94,0.48,256,532,76,0.76,45,59,127,2.4,102,1.92,40,0.75,8,0.15,1.73
moreler01,Eric Moreland,[<Position.POWER_FORWARD: 'POWER FORWARD'>],27,Team.PHOENIX_SUNS,5,0,0.0,8.6,43,7,1.4,0.43,3,7,1,0,0,0,20,4.0,4,0.8,1,0.2,1,0.2,0.8
morrija01,Jaylen Morris,[<Position.SHOOTING_GUARD: 'SHOOTING GUARD'>],23,Team.MILWAUKEE_BUCKS,4,0,0.0,7.25,29,10,2.5,0.4,4,10,1,0.5,1,2,5,1.25,4,1.0,2,0.5,0,0.0,4.0
morrima03,Marcus Morris,[<Position.POWER_FORWARD: 'POWER FORWARD'>],29,Team.BOSTON_CELTICS,75,53,0.71,27.88,2091,1046,13.95,0.45,377,844,146,0.84,146,173,458,6.11,109,1.45,43,0.57,25,0.33,1.18
morrima02,Markieff Morris,[<Position.POWER_FORWARD: 'POWER FORWARD'>],29,Team.WASHINGTON_WIZARDS,58,16,0.28,21.9,1270,547,9.43,0.42,204,484,68,0.77,71,92,265,4.57,79,1.36,36,0.62,22,0.38,1.46
morrimo01,Monte Morris,[<Position.POINT_GUARD: 'POINT GUARD'>],23,Team.DENVER_NUGGETS,82,6,0.07,24.02,1970,851,10.38,0.49,346,702,94,0.8,65,81,194,2.37,297,3.62,73,0.89,4,0.05,5.71
motiedo01,Donatas Motiejūnas,[<Position.POWER_FORWARD: 'POWER FORWARD'>],28,Team.SAN_ANTONIO_SPURS,3,0,0.0,4.33,13,6,2.0,0.5,3,6,0,0.0,0,2,3,1.0,1,0.33,0,0.0,1,0.33,0.33
motlejo01,Johnathan Motley,[<Position.POWER_FORWARD: 'POWER FORWARD'>],23,Team.LOS_ANGELES_CLIPPERS,22,0,0.0,7.09,156,102,4.64,0.53,39,73,0,0.6,24,40,51,2.32,11,0.5,5,0.23,3,0.14,0.69
mudiaem01,Emmanuel Mudiay,[<Position.POINT_GUARD: 'POINT GUARD'>],22,Team.NEW_YORK_KNICKS,59,42,0.71,27.24,1607,873,14.8,0.45,330,740,69,0.77,144,186,196,3.32,228,3.86,43,0.73,19,0.32,1.63
murraja01,Jamal Murray,[<Position.POINT_GUARD: 'POINT GUARD'>],21,Team.DENVER_NUGGETS,75,74,0.99,32.63,2447,1367,18.23,0.44,513,1173,152,0.85,189,223,317,4.23,363,4.84,67,0.89,27,0.36,2.3
musadz01,Džanan Musa,[<Position.SHOOTING_GUARD: 'SHOOTING GUARD'>],19,Team.BROOKLYN_NETS,9,0,0.0,4.33,39,19,2.11,0.41,9,22,1,0.0,0,2,5,0.56,2,0.22,2,0.22,0,0.0,0.5
muscami01,Mike Muscala,[<Position.POWER_FORWARD: 'POWER FORWARD'>],27,Team.PHILADELPHIA_76ERS,64,10,0.16,20.41,1306,449,7.02,0.4,145,361,89,0.82,70,85,244,3.81,76,1.19,22,0.34,38,0.59,1.58
mykhasv01,Sviatoslav Mykhailiuk,[<Position.SMALL_FORWARD: 'SMALL FORWARD'>],21,Team.LOS_ANGELES_LAKERS,42,0,0.0,10.48,440,133,3.17,0.33,46,140,29,0.6,12,20,36,0.86,37,0.88,14,0.33,1,0.02,1.76
naderab01,Abdel Nader,[<Position.SMALL_FORWARD: 'SMALL FORWARD'>],25,Team.OKLAHOMA_CITY_THUNDER,61,1,0.02,11.38,694,241,3.95,0.42,91,215,32,0.75,27,36,116,1.9,20,0.33,20,0.33,12,0.2,0.77
nancela02,Larry Nance Jr.,[<Position.CENTER: 'CENTER'>],26,Team.CLEVELAND_CAVALIERS,67,30,0.45,26.79,1795,627,9.36,0.52,249,479,33,0.72,96,134,552,8.24,214,3.19,100,1.49,40,0.6,2.21
napiesh01,Shabazz Napier,[<Position.POINT_GUARD: 'POINT GUARD'>],27,Team.BROOKLYN_NETS,56,2,0.04,17.55,983,529,9.45,0.39,169,435,76,0.83,115,138,100,1.79,143,2.55,41,0.73,16,0.29,2.17
netora01,Raul Neto,[<Position.POINT_GUARD: 'POINT GUARD'>],26,Team.UTAH_JAZZ,37,1,0.03,12.81,474,196,5.3,0.46,74,161,20,0.85,28,33,62,1.68,93,2.51,14,0.38,4,0.11,2.66
niangge01,Georges Niang,[<Position.POWER_FORWARD: 'POWER FORWARD'>],25,Team.UTAH_JAZZ,59,0,0.0,8.75,516,235,3.98,0.48,86,181,43,0.83,20,24,87,1.47,35,0.59,10,0.17,6,0.1,1.52
noahjo01,Joakim Noah,[<Position.CENTER: 'CENTER'>],33,Team.MEMPHIS_GRIZZLIES,42,1,0.02,16.5,693,298,7.1,0.52,110,213,0,0.72,78,109,238,5.67,89,2.12,20,0.48,31,0.74,1.78
noelne01,Nerlens Noel,[<Position.CENTER: 'CENTER'>],24,Team.OKLAHOMA_CITY_THUNDER,77,2,0.03,13.7,1055,378,4.91,0.59,162,276,0,0.68,54,79,325,4.22,45,0.58,66,0.86,96,1.25,0.94
nowitdi01,Dirk Nowitzki,[<Position.POWER_FORWARD: 'POWER FORWARD'>],40,Team.DALLAS_MAVERICKS,51,20,0.39,15.59,795,373,7.31,0.36,135,376,64,0.78,39,50,158,3.1,35,0.69,9,0.18,18,0.35,1.94
ntilila01,Frank Ntilikina,[<Position.POINT_GUARD: 'POINT GUARD'>],20,Team.NEW_YORK_KNICKS,43,16,0.37,21.02,904,246,5.72,0.34,95,282,33,0.77,23,30,87,2.02,121,2.81,30,0.7,14,0.33,2.16
nunnaja01,James Nunnally,[<Position.SMALL_FORWARD: 'SMALL FORWARD'>],28,Team.MINNESOTA_TIMBERWOLVES,15,0,0.0,6.8,102,36,2.4,0.35,12,34,8,1.0,4,4,5,0.33,7,0.47,1,0.07,0,0.0,7.0
nurkiju01,Jusuf Nurkić,[<Position.CENTER: 'CENTER'>],24,Team.PORTLAND_TRAIL_BLAZERS,72,72,1.0,27.42,1974,1125,15.62,0.51,420,826,3,0.77,282,365,748,10.39,233,3.24,71,0.99,103,1.43,1.39
nwabada01,David Nwaba,[<Position.SHOOTING_GUARD: 'SHOOTING GUARD'>],26,Team.CLEVELAND_CAVALIERS,51,14,0.27,19.29,984,334,6.55,0.48,126,262,24,0.68,58,85,163,3.2,54,1.06,36,0.71,17,0.33,1.86
onealro01,Royce O'Neale,[<Position.SMALL_FORWARD: 'SMALL FORWARD'>],25,Team.UTAH_JAZZ,82,16,0.2,20.38,1671,426,5.2,0.48,163,343,68,0.76,32,42,285,3.48,124,1.51,54,0.66,24,0.29,1.77
oquinky01,Kyle O'Quinn,[<Position.CENTER: 'CENTER'>],28,Team.INDIANA_PACERS,45,3,0.07,8.24,371,156,3.47,0.51,69,136,1,0.81,17,21,119,2.64,56,1.24,9,0.2,25,0.56,1.81
ojelese01,Semi Ojeleye,[<Position.POWER_FORWARD: 'POWER FORWARD'>],24,Team.BOSTON_CELTICS,56,3,0.05,10.61,594,186,3.32,0.42,67,158,28,0.62,24,39,86,1.54,23,0.41,10,0.18,4,0.07,1.21
okafoja01,Jahlil Okafor,[<Position.CENTER: 'CENTER'>],23,Team.NEW_ORLEANS_PELICANS,59,24,0.41,15.85,935,484,8.2,0.59,212,362,1,0.66,59,89,278,4.71,40,0.68,15,0.25,40,0.68,0.77
okoboel01,Elie Okobo,[<Position.POINT_GUARD: 'POINT GUARD'>],21,Team.PHOENIX_SUNS,53,16,0.3,18.08,958,304,5.74,0.39,114,290,39,0.79,37,47,98,1.85,127,2.4,32,0.6,7,0.13,1.84
okogijo01,Josh Okogie,[<Position.SHOOTING_GUARD: 'SHOOTING GUARD'>],20,Team.MINNESOTA_TIMBERWOLVES,74,52,0.7,23.74,1757,570,7.7,0.39,196,508,60,0.73,118,162,218,2.95,91,1.23,88,1.19,33,0.45,1.44
oladivi01,Victor Oladipo,[<Position.SHOOTING_GUARD: 'SHOOTING GUARD'>],26,Team.INDIANA_PACERS,36,36,1.0,31.86,1147,675,18.75,0.42,249,588,74,0.73,103,141,202,5.61,186,5.17,60,1.67,11,0.31,2.27
olynyke01,Kelly Olynyk,[<Position.POWER_FORWARD: 'POWER FORWARD'>],27,Team.MIAMI_HEAT,79,36,0.46,22.94,1812,787,9.96,0.46,261,564,113,0.82,152,185,375,4.75,140,1.77,53,0.67,37,0.47,1.23
osmande01,Cedi Osman,[<Position.SMALL_FORWARD: 'SMALL FORWARD'>],23,Team.CLEVELAND_CAVALIERS,76,75,0.99,32.16,2444,991,13.04,0.43,360,844,130,0.78,141,181,357,4.7,195,2.57,60,0.79,11,0.14,1.71
oubreke01,Kelly Oubre Jr.,[<Position.SMALL_FORWARD: 'SMALL FORWARD'>],23,Team.WASHINGTON_WIZARDS,69,19,0.28,28.04,1935,1047,15.17,0.45,375,842,108,0.77,189,244,325,4.71,84,1.22,84,1.22,59,0.86,0.82
pachuza01,Zaza Pachulia,[<Position.CENTER: 'CENTER'>],34,Team.DETROIT_PISTONS,68,3,0.04,12.91,878,267,3.93,0.44,85,193,0,0.78,97,124,265,3.9,91,1.34,31,0.46,17,0.25,1.6
parkeja01,Jabari Parker,[<Position.POWER_FORWARD: 'POWER FORWARD'>],23,Team.CHICAGO_BULLS,64,17,0.27,26.94,1724,930,14.53,0.49,369,749,61,0.71,131,184,421,6.58,152,2.38,46,0.72,30,0.47,1.01
parketo01,Tony Parker,[<Position.POINT_GUARD: 'POINT GUARD'>],36,Team.CHARLOTTE_HORNETS,56,0,0.0,17.91,1003,530,9.46,0.46,213,463,13,0.73,91,124,83,1.48,207,3.7,21,0.38,7,0.12,2.76
parsoch01,Chandler Parsons,[<Position.SMALL_FORWARD: 'SMALL FORWARD'>],30,Team.MEMPHIS_GRIZZLIES,25,3,0.12,19.84,496,187,7.48,0.37,68,182,29,0.88,22,25,70,2.8,43,1.72,19,0.76,5,0.2,1.34
pattepa01,Patrick Patterson,[<Position.POWER_FORWARD: 'POWER FORWARD'>],29,Team.OKLAHOMA_CITY_THUNDER,63,5,0.08,13.67,861,229,3.63,0.37,82,219,46,0.63,19,30,147,2.33,31,0.49,16,0.25,13,0.21,1.41
pattoju01,Justin Patton,[<Position.CENTER: 'CENTER'>],21,Team.PHILADELPHIA_76ERS,3,0,0.0,7.0,21,5,1.67,0.29,2,7,0,0.5,1,2,6,2.0,3,1.0,2,0.67,0,0.0,3
paulch01,Chris Paul,[<Position.POINT_GUARD: 'POINT GUARD'>],33,Team.HOUSTON_ROCKETS,58,58,1.0,32.02,1857,906,15.62,0.42,302,720,127,0.86,175,203,265,4.57,473,8.16,114,1.97,18,0.31,3.11
payneca01,Cameron Payne,[<Position.POINT_GUARD: 'POINT GUARD'>],24,Team.CHICAGO_BULLS,40,13,0.33,17.8,712,250,6.25,0.43,96,223,25,0.8,33,41,72,1.8,106,2.65,28,0.7,9,0.23,2.36
paytoel01,Elfrid Payton,[<Position.POINT_GUARD: 'POINT GUARD'>],24,Team.NEW_ORLEANS_PELICANS,42,42,1.0,29.76,1250,446,10.62,0.43,179,412,33,0.74,55,74,220,5.24,320,7.62,44,1.05,17,0.4,2.86
paytoga02,Gary Payton II,[<Position.POINT_GUARD: 'POINT GUARD'>],26,Team.WASHINGTON_WIZARDS,3,0,0.0,5.33,16,11,3.67,0.62,5,8,1,0,0,0,2,0.67,4,1.33,3,1.0,1,0.33,4.0
pinsoth01,Theo Pinson,[<Position.SHOOTING_GUARD: 'SHOOTING GUARD'>],23,Team.BROOKLYN_NETS,18,0,0.0,11.72,211,81,4.5,0.34,25,73,12,0.86,19,22,36,2.0,21,1.17,6,0.33,0,0.0,1.17
plumlma01,Mason Plumlee,[<Position.CENTER: 'CENTER'>],28,Team.DENVER_NUGGETS,82,17,0.21,21.11,1731,637,7.77,0.59,262,442,2,0.56,111,198,524,6.39,243,2.96,66,0.8,76,0.93,1.93
plumlmi01,Miles Plumlee,[<Position.CENTER: 'CENTER'>],30,Team.ATLANTA_HAWKS,18,0,0.0,9.61,173,80,4.44,0.67,32,48,0,0.53,16,30,39,2.17,17,0.94,6,0.33,4,0.22,1.7
poeltja01,Jakob Poeltl,[<Position.CENTER: 'CENTER'>],23,Team.SAN_ANTONIO_SPURS,77,24,0.31,16.53,1273,423,5.49,0.64,187,290,0,0.53,49,92,410,5.32,93,1.21,29,0.38,68,0.88,1.94
pondequ01,Quincy Pondexter,[<Position.SMALL_FORWARD: 'SMALL FORWARD'>],30,Team.SAN_ANTONIO_SPURS,53,0,0.0,5.51,292,98,1.85,0.5,29,58,6,0.81,34,42,46,0.87,24,0.45,11,0.21,1,0.02,1.85
porteot01,Otto Porter,[<Position.SMALL_FORWARD: 'SMALL FORWARD'>],25,Team.WASHINGTON_WIZARDS,56,43,0.77,30.05,1683,780,13.93,0.47,299,643,104,0.81,78,96,314,5.61,120,2.14,82,1.46,31,0.55,1.85
portibo01,Bobby Portis,[<Position.POWER_FORWARD: 'POWER FORWARD'>],23,Team.CHICAGO_BULLS,50,28,0.56,25.98,1299,710,14.2,0.44,279,628,75,0.79,77,97,403,8.06,72,1.44,35,0.7,20,0.4,0.97
poweldw01,Dwight Powell,[<Position.CENTER: 'CENTER'>],27,Team.DALLAS_MAVERICKS,77,22,0.29,21.58,1662,815,10.58,0.6,290,486,39,0.77,196,254,411,5.34,112,1.45,44,0.57,50,0.65,1.67
powelno01,Norman Powell,[<Position.SHOOTING_GUARD: 'SHOOTING GUARD'>],25,Team.TORONTO_RAPTORS,60,3,0.05,18.77,1126,516,8.6,0.48,193,400,68,0.83,62,75,139,2.32,91,1.52,39,0.65,13,0.22,1.4
poythal01,Alex Poythress,[<Position.POWER_FORWARD: 'POWER FORWARD'>],25,Team.ATLANTA_HAWKS,21,1,0.05,14.52,305,107,5.1,0.49,40,81,9,0.62,18,29,76,3.62,17,0.81,4,0.19,10,0.48,1.31
princta02,Taurean Prince,[<Position.SMALL_FORWARD: 'SMALL FORWARD'>],24,Team.ATLANTA_HAWKS,55,47,0.85,28.22,1552,742,13.49,0.44,262,594,123,0.82,95,116,199,3.62,118,2.15,53,0.96,19,0.35,1.18
qizh01,Zhou Qi,[<Position.POWER_FORWARD: 'POWER FORWARD'>],23,Team.HOUSTON_ROCKETS,1,0,0.0,1.0,1,2,2.0,1.0,1,1,0,0,0,0,0,0.0,0,0.0,0,0.0,0,0.0,0
rabbiv01,Ivan Rabb,[<Position.POWER_FORWARD: 'POWER FORWARD'>],21,Team.MEMPHIS_GRIZZLIES,49,13,0.27,14.71,721,284,5.8,0.55,116,212,3,0.71,49,69,206,4.2,54,1.1,17,0.35,14,0.29,1.54
randlch01,Chasson Randle,[<Position.POINT_GUARD: 'POINT GUARD'>],25,Team.WASHINGTON_WIZARDS,49,2,0.04,15.16,743,271,5.53,0.42,91,217,46,0.69,43,62,56,1.14,97,1.98,25,0.51,3,0.06,2.26
randlju01,Julius Randle,[<Position.POWER_FORWARD: 'POWER FORWARD'>],24,Team.NEW_ORLEANS_PELICANS,73,49,0.67,30.58,2232,1565,21.44,0.52,571,1089,67,0.73,356,487,634,8.68,229,3.14,52,0.71,45,0.62,1.1
redicjj01,J.J. Redick,[<Position.SHOOTING_GUARD: 'SHOOTING GUARD'>],34,Team.PHILADELPHIA_76ERS,76,63,0.83,31.3,2379,1372,18.05,0.44,452,1027,240,0.89,228,255,186,2.45,206,2.71,32,0.42,17,0.22,2.04
reedda01,Davon Reed,[<Position.SHOOTING_GUARD: 'SHOOTING GUARD'>],23,Team.INDIANA_PACERS,10,0,0.0,4.7,47,12,1.2,0.42,5,12,2,0,0,0,6,0.6,3,0.3,1,0.1,0,0.0,3.0
reynoca01,Cameron Reynolds,[<Position.SHOOTING_GUARD: 'SHOOTING GUARD'>],23,Team.MINNESOTA_TIMBERWOLVES,19,0,0.0,13.63,259,95,5.0,0.42,33,78,21,0.89,8,9,31,1.63,13,0.68,6,0.32,2,0.11,2.6
richajo01,Josh Richardson,[<Position.SHOOTING_GUARD: 'SHOOTING GUARD'>],25,Team.MIAMI_HEAT,73,73,1.0,34.78,2539,1209,16.56,0.41,423,1026,164,0.86,199,231,263,3.6,298,4.08,79,1.08,34,0.47,2.64
richama01,Malachi Richardson,[<Position.SHOOTING_GUARD: 'SHOOTING GUARD'>],23,Team.TORONTO_RAPTORS,22,0,0.0,4.68,103,30,1.36,0.31,9,29,8,0.8,4,5,13,0.59,0,0.0,1,0.05,0,0.0,0.0
riverau01,Austin Rivers,[<Position.SHOOTING_GUARD: 'SHOOTING GUARD'>],26,Team.WASHINGTON_WIZARDS,76,15,0.2,26.68,2028,618,8.13,0.41,232,572,104,0.53,50,95,162,2.13,167,2.2,47,0.62,23,0.3,2.46
robinde01,Devin Robinson,[<Position.SMALL_FORWARD: 'SMALL FORWARD'>],23,Team.WASHINGTON_WIZARDS,7,0,0.0,13.57,95,47,6.71,0.59,19,32,0,0.64,9,14,20,2.86,6,0.86,4,0.57,6,0.86,3.0
robindu01,Duncan Robinson,[<Position.SMALL_FORWARD: 'SMALL FORWARD'>],24,Team.MIAMI_HEAT,15,1,0.07,10.73,161,50,3.33,0.39,18,46,10,0.67,4,6,19,1.27,5,0.33,5,0.33,0,0.0,1.25
robingl02,Glenn Robinson III,[<Position.SMALL_FORWARD: 'SMALL FORWARD'>],25,Team.DETROIT_PISTONS,47,18,0.38,12.98,610,198,4.21,0.42,74,176,18,0.8,32,40,71,1.51,21,0.45,14,0.3,8,0.17,1.17
robinje01,Jerome Robinson,[<Position.SHOOTING_GUARD: 'SHOOTING GUARD'>],21,Team.LOS_ANGELES_CLIPPERS,33,0,0.0,9.7,320,112,3.39,0.4,44,110,18,0.67,6,9,41,1.24,19,0.58,11,0.33,3,0.09,1.46
robinmi01,Mitchell Robinson,[<Position.CENTER: 'CENTER'>],20,Team.NEW_YORK_KNICKS,66,19,0.29,20.61,1360,485,7.35,0.69,202,291,0,0.6,81,135,423,6.41,37,0.56,52,0.79,161,2.44,1.06
rondora01,Rajon Rondo,[<Position.POINT_GUARD: 'POINT GUARD'>],32,Team.LOS_ANGELES_LAKERS,46,29,0.63,29.76,1369,424,9.22,0.41,175,432,51,0.64,23,36,243,5.28,367,7.98,57,1.24,7,0.15,2.89
rosede01,Derrick Rose,[<Position.POINT_GUARD: 'POINT GUARD'>],30,Team.MINNESOTA_TIMBERWOLVES,51,13,0.25,27.29,1392,917,17.98,0.48,363,753,54,0.86,137,160,140,2.75,220,4.31,31,0.61,12,0.24,2.68
rosste01,Terrence Ross,[<Position.SHOOTING_GUARD: 'SHOOTING GUARD'>],27,Team.ORLANDO_MAGIC,81,0,0.0,26.54,2150,1223,15.1,0.43,440,1027,217,0.88,126,144,280,3.46,135,1.67,72,0.89,29,0.36,1.5
roziete01,Terry Rozier,[<Position.POINT_GUARD: 'POINT GUARD'>],24,Team.BOSTON_CELTICS,79,14,0.18,22.67,1791,708,8.96,0.39,258,666,119,0.78,73,93,307,3.89,231,2.92,68,0.86,21,0.27,3.4
rubiori01,Ricky Rubio,[<Position.POINT_GUARD: 'POINT GUARD'>],28,Team.UTAH_JAZZ,68,67,0.99,27.93,1899,864,12.71,0.4,295,730,79,0.86,195,228,243,3.57,416,6.12,91,1.34,10,0.15,2.31
russeda01,D'Angelo Russell,[<Position.POINT_GUARD: 'POINT GUARD'>],22,Team.BROOKLYN_NETS,81,81,1.0,30.22,2448,1712,21.14,0.43,659,1517,234,0.78,160,205,315,3.89,563,6.95,100,1.23,20,0.25,2.23
sabondo01,Domantas Sabonis,[<Position.CENTER: 'CENTER'>],22,Team.INDIANA_PACERS,74,5,0.07,24.84,1838,1043,14.09,0.59,413,700,9,0.71,208,291,690,9.32,212,2.86,48,0.65,30,0.41,1.32
sampsbr01,Brandon Sampson,[<Position.SHOOTING_GUARD: 'SHOOTING GUARD'>],21,Team.CHICAGO_BULLS,14,2,0.14,15.29,214,71,5.07,0.47,28,60,11,0.67,4,6,16,1.14,10,0.71,8,0.57,3,0.21,0.83
sampsja02,JaKarr Sampson,[<Position.SMALL_FORWARD: 'SMALL FORWARD'>],25,Team.CHICAGO_BULLS,4,0,0.0,31.75,127,80,20.0,0.54,29,54,5,0.81,17,21,32,8.0,4,1.0,4,1.0,3,0.75,1.0
saricda01,Dario Šarić,[<Position.POWER_FORWARD: 'POWER FORWARD'>],24,Team.PHILADELPHIA_76ERS,81,41,0.51,24.98,2023,858,10.59,0.44,304,696,118,0.88,132,150,457,5.64,127,1.57,45,0.56,9,0.11,1.31
satorto01,Tomáš Satoranský,[<Position.POINT_GUARD: 'POINT GUARD'>],27,Team.WASHINGTON_WIZARDS,80,54,0.68,27.05,2164,709,8.86,0.48,257,530,64,0.82,131,160,279,3.49,399,4.99,82,1.02,13,0.16,3.33
schrode01,Dennis Schröder,[<Position.POINT_GUARD: 'POINT GUARD'>],25,Team.OKLAHOMA_CITY_THUNDER,79,14,0.18,29.29,2314,1224,15.49,0.41,457,1104,124,0.82,186,227,284,3.59,323,4.09,65,0.82,12,0.15,1.88
scottmi01,Mike Scott,[<Position.POWER_FORWARD: 'POWER FORWARD'>],30,Team.LOS_ANGELES_CLIPPERS,79,3,0.04,17.66,1395,459,5.81,0.4,168,420,101,0.67,22,33,276,3.49,66,0.84,26,0.33,13,0.16,1.5
sefolth01,Thabo Sefolosha,[<Position.SMALL_FORWARD: 'SMALL FORWARD'>],34,Team.UTAH_JAZZ,50,2,0.04,12.18,609,190,3.8,0.48,71,149,34,0.64,14,22,123,2.46,27,0.54,43,0.86,5,0.1,1.08
seldewa01,Wayne Selden,[<Position.SHOOTING_GUARD: 'SHOOTING GUARD'>],24,Team.MEMPHIS_GRIZZLIES,75,13,0.17,19.19,1439,514,6.85,0.41,196,483,55,0.73,67,92,180,2.4,109,1.45,33,0.44,13,0.17,1.38
sextoco01,Collin Sexton,[<Position.POINT_GUARD: 'POINT GUARD'>],20,Team.CLEVELAND_CAVALIERS,82,72,0.88,31.77,2605,1371,16.72,0.43,519,1206,119,0.84,214,255,236,2.88,243,2.96,44,0.54,6,0.07,1.31
shamela01,Landry Shamet,[<Position.SHOOTING_GUARD: 'SHOOTING GUARD'>],21,Team.PHILADELPHIA_76ERS,79,27,0.34,22.81,1802,722,9.14,0.43,240,557,167,0.81,75,93,134,1.7,117,1.48,37,0.47,10,0.13,2.6
shumpim01,Iman Shumpert,[<Position.SHOOTING_GUARD: 'SHOOTING GUARD'>],28,Team.SACRAMENTO_KINGS,62,41,0.66,23.89,1481,465,7.5,0.37,167,446,95,0.8,36,45,183,2.95,112,1.81,59,0.95,24,0.39,2.24
siakapa01,Pascal Siakam,[<Position.POWER_FORWARD: 'POWER FORWARD'>],24,Team.TORONTO_RAPTORS,80,79,0.99,31.85,2548,1354,16.93,0.55,519,945,79,0.78,237,302,549,6.86,248,3.1,73,0.91,52,0.65,1.61
siberjo01,Jordan Sibert,[<Position.SHOOTING_GUARD: 'SHOOTING GUARD'>],26,Team.ATLANTA_HAWKS,1,0,0.0,4.0,4,3,3.0,1.0,1,1,1,0,0,0,0,0.0,0,0.0,0,0.0,0,0.0,0
simmobe01,Ben Simmons,[<Position.POINT_GUARD: 'POINT GUARD'>],22,Team.PHILADELPHIA_76ERS,79,79,1.0,34.18,2700,1337,16.92,0.56,540,960,0,0.6,257,428,697,8.82,610,7.72,112,1.42,61,0.77,2.23
simmojo02,Jonathon Simmons,[<Position.SHOOTING_GUARD: 'SHOOTING GUARD'>],29,Team.ORLANDO_MAGIC,56,9,0.16,19.0,1064,366,6.54,0.38,133,350,28,0.74,72,97,126,2.25,128,2.29,29,0.52,15,0.27,1.88
simmoko01,Kobi Simmons,[<Position.POINT_GUARD: 'POINT GUARD'>],21,Team.CLEVELAND_CAVALIERS,1,0,0.0,2.0,2,0,0.0,0,0,0,0,0,0,0,0,0.0,0,0.0,0,0.0,0,0.0,0
simonan01,Anfernee Simons,[<Position.SHOOTING_GUARD: 'SHOOTING GUARD'>],19,Team.PORTLAND_TRAIL_BLAZERS,20,1,0.05,7.05,141,75,3.75,0.44,28,63,10,0.56,9,16,13,0.65,13,0.65,1,0.05,0,0.0,1.18
smartma01,Marcus Smart,[<Position.SHOOTING_GUARD: 'SHOOTING GUARD'>],24,Team.BOSTON_CELTICS,80,60,0.75,27.5,2200,708,8.85,0.42,239,567,126,0.81,104,129,234,2.92,321,4.01,143,1.79,28,0.35,2.61
smithde03,Dennis Smith Jr.,[<Position.POINT_GUARD: 'POINT GUARD'>],21,Team.DALLAS_MAVERICKS,53,50,0.94,28.45,1508,722,13.62,0.43,278,650,67,0.63,99,156,155,2.92,252,4.75,67,1.26,20,0.38,1.64
smithis01,Ish Smith,[<Position.POINT_GUARD: 'POINT GUARD'>],30,Team.DETROIT_PISTONS,56,0,0.0,22.34,1251,501,8.95,0.42,205,489,44,0.76,47,62,145,2.59,203,3.62,28,0.5,11,0.2,3.33
smithjr01,J.R. Smith,[<Position.SHOOTING_GUARD: 'SHOOTING GUARD'>],33,Team.CLEVELAND_CAVALIERS,11,4,0.36,20.18,222,74,6.73,0.34,27,79,12,0.8,8,10,18,1.64,21,1.91,11,1.0,3,0.27,1.91
smithja02,Jason Smith,[<Position.CENTER: 'CENTER'>],32,Team.WASHINGTON_WIZARDS,20,1,0.05,9.5,190,65,3.25,0.36,21,59,9,0.88,14,16,52,2.6,14,0.7,3,0.15,7,0.35,1.08
smithzh01,Zhaire Smith,[<Position.SHOOTING_GUARD: 'SHOOTING GUARD'>],19,Team.PHILADELPHIA_76ERS,6,2,0.33,18.5,111,40,6.67,0.41,14,34,6,0.75,6,8,13,2.17,10,1.67,2,0.33,2,0.33,1.67
snellto01,Tony Snell,[<Position.SMALL_FORWARD: 'SMALL FORWARD'>],27,Team.MILWAUKEE_BUCKS,74,12,0.16,17.62,1304,444,6.0,0.45,163,361,81,0.88,37,42,157,2.12,68,0.92,26,0.35,18,0.24,2.96
spaldra01,Ray Spalding,[<Position.POWER_FORWARD: 'POWER FORWARD'>],21,Team.DALLAS_MAVERICKS,14,3,0.21,10.57,148,54,3.86,0.53,25,47,0,0.33,4,12,48,3.43,5,0.36,9,0.64,8,0.57,0.56
spellom01,Omari Spellman,[<Position.POWER_FORWARD: 'POWER FORWARD'>],21,Team.ATLANTA_HAWKS,46,11,0.24,17.5,805,272,5.91,0.4,98,244,44,0.71,32,45,194,4.22,47,1.02,26,0.57,25,0.54,1.52
stausni01,Nik Stauskas,[<Position.SHOOTING_GUARD: 'SHOOTING GUARD'>],25,Team.PORTLAND_TRAIL_BLAZERS,68,0,0.0,14.93,1015,399,5.87,0.4,136,338,70,0.89,57,64,127,1.87,81,1.19,21,0.31,7,0.1,1.59
stephdj01,D.J. Stephens,[<Position.SHOOTING_GUARD: 'SHOOTING GUARD'>],28,Team.MEMPHIS_GRIZZLIES,1,0,0.0,7.0,7,2,2.0,0.5,1,2,0,0,0,0,0,0.0,0,0.0,1,1.0,0,0.0,0.0
stephla01,Lance Stephenson,[<Position.SHOOTING_GUARD: 'SHOOTING GUARD'>],28,Team.LOS_ANGELES_LAKERS,68,3,0.04,16.51,1123,491,7.22,0.43,184,432,73,0.68,50,73,215,3.16,140,2.06,41,0.6,7,0.1,1.63
sumneed01,Edmond Sumner,[<Position.POINT_GUARD: 'POINT GUARD'>],23,Team.INDIANA_PACERS,23,2,0.09,9.13,210,66,2.87,0.34,22,64,7,0.62,15,24,24,1.04,10,0.43,12,0.52,5,0.22,1.0
swanica01,Caleb Swanigan,[<Position.POWER_FORWARD: 'POWER FORWARD'>],21,Team.PORTLAND_TRAIL_BLAZERS,21,0,0.0,8.48,178,43,2.05,0.34,18,53,1,0.67,6,9,64,3.05,11,0.52,6,0.29,1,0.05,0.61
tatumja01,Jayson Tatum,[<Position.SMALL_FORWARD: 'SMALL FORWARD'>],20,Team.BOSTON_CELTICS,79,79,1.0,31.08,2455,1243,15.73,0.45,466,1036,116,0.86,195,228,477,6.04,168,2.13,84,1.06,57,0.72,1.38
teaguje01,Jeff Teague,[<Position.POINT_GUARD: 'POINT GUARD'>],30,Team.MINNESOTA_TIMBERWOLVES,42,41,0.98,30.1,1264,510,12.14,0.42,176,416,35,0.8,123,153,106,2.52,343,8.17,43,1.02,18,0.43,3.54
templga01,Garrett Temple,[<Position.SHOOTING_GUARD: 'SHOOTING GUARD'>],32,Team.MEMPHIS_GRIZZLIES,75,55,0.73,27.2,2040,586,7.81,0.42,208,493,90,0.75,80,107,216,2.88,106,1.41,76,1.01,30,0.4,1.51
teodomi01,Miloš Teodosić,[<Position.POINT_GUARD: 'POINT GUARD'>],31,Team.LOS_ANGELES_CLIPPERS,15,0,0.0,10.0,150,48,3.2,0.42,17,40,10,0.57,4,7,16,1.07,32,2.13,3,0.2,1,0.07,1.52
terreja01,Jared Terrell,[<Position.SHOOTING_GUARD: 'SHOOTING GUARD'>],23,Team.MINNESOTA_TIMBERWOLVES,14,0,0.0,7.93,111,31,2.21,0.31,12,39,4,0.5,3,6,6,0.43,12,0.86,3,0.21,2,0.14,1.2
terryem01,Emanuel Terry,[<Position.POWER_FORWARD: 'POWER FORWARD'>],22,Team.PHOENIX_SUNS,3,0,0.0,7.67,23,10,3.33,0.57,4,7,0,0.5,2,4,7,2.33,2,0.67,3,1.0,0,0.0,1.0
theisda01,Daniel Theis,[<Position.CENTER: 'CENTER'>],26,Team.BOSTON_CELTICS,66,2,0.03,13.76,908,374,5.67,0.55,146,266,26,0.74,56,76,225,3.41,68,1.03,21,0.32,42,0.64,2.06
thomais02,Isaiah Thomas,[<Position.SHOOTING_GUARD: 'SHOOTING GUARD'>],29,Team.DENVER_NUGGETS,12,0,0.0,15.08,181,97,8.08,0.34,34,99,12,0.63,17,27,13,1.08,23,1.92,5,0.42,1,0.08,1.28
thomakh01,Khyri Thomas,[<Position.SHOOTING_GUARD: 'SHOOTING GUARD'>],22,Team.DETROIT_PISTONS,26,0,0.0,7.5,195,61,2.35,0.32,22,69,10,0.64,7,11,20,0.77,8,0.31,7,0.27,5,0.19,2.0
thomala01,Lance Thomas,[<Position.POWER_FORWARD: 'POWER FORWARD'>],30,Team.NEW_YORK_KNICKS,46,17,0.37,17.02,783,205,4.46,0.4,78,197,22,0.75,27,36,117,2.54,27,0.59,17,0.37,7,0.15,1.12
thompkl01,Klay Thompson,[<Position.SHOOTING_GUARD: 'SHOOTING GUARD'>],28,Team.GOLDEN_STATE_WARRIORS,78,78,1.0,34.0,2652,1680,21.54,0.47,655,1402,241,0.82,129,158,299,3.83,186,2.38,84,1.08,47,0.6,1.62
thomptr01,Tristan Thompson,[<Position.CENTER: 'CENTER'>],27,Team.CLEVELAND_CAVALIERS,43,40,0.93,27.86,1198,470,10.93,0.53,201,380,0,0.64,68,106,438,10.19,86,2.0,28,0.65,16,0.37,1.46
thornsi01,Sindarius Thornwell,[<Position.SHOOTING_GUARD: 'SHOOTING GUARD'>],24,Team.LOS_ANGELES_CLIPPERS,64,1,0.02,4.89,313,62,0.97,0.35,17,49,3,0.74,25,34,44,0.69,18,0.28,14,0.22,7,0.11,0.9
tollian01,Anthony Tolliver,[<Position.POWER_FORWARD: 'POWER FORWARD'>],33,Team.MINNESOTA_TIMBERWOLVES,65,0,0.0,16.6,1079,326,5.02,0.38,99,259,81,0.78,47,60,177,2.72,46,0.71,17,0.26,21,0.32,1.28
townska01,Karl-Anthony Towns,[<Position.CENTER: 'CENTER'>],23,Team.MINNESOTA_TIMBERWOLVES,77,77,1.0,33.05,2545,1880,24.42,0.52,681,1314,142,0.84,376,450,954,12.39,259,3.36,67,0.87,125,1.62,1.08
trentga02,Gary Trent Jr.,[<Position.SHOOTING_GUARD: 'SHOOTING GUARD'>],20,Team.PORTLAND_TRAIL_BLAZERS,15,1,0.07,7.4,111,40,2.67,0.32,16,50,5,0.43,3,7,11,0.73,5,0.33,1,0.07,2,0.13,1.25
trieral01,Allonzo Trier,[<Position.SHOOTING_GUARD: 'SHOOTING GUARD'>],23,Team.NEW_YORK_KNICKS,64,3,0.05,22.8,1459,695,10.86,0.45,232,518,52,0.8,179,223,197,3.08,119,1.86,28,0.44,14,0.22,1.03
tuckepj01,P.J. Tucker,[<Position.POWER_FORWARD: 'POWER FORWARD'>],33,Team.HOUSTON_ROCKETS,82,82,1.0,34.17,2802,601,7.33,0.4,207,523,146,0.69,41,59,479,5.84,96,1.17,132,1.61,39,0.48,1.52
turneev01,Evan Turner,[<Position.POINT_GUARD: 'POINT GUARD'>],30,Team.PORTLAND_TRAIL_BLAZERS,73,2,0.03,21.99,1605,494,6.77,0.46,204,443,11,0.71,75,106,328,4.49,283,3.88,33,0.45,18,0.25,2.48
turnemy01,Myles Turner,[<Position.CENTER: 'CENTER'>],22,Team.INDIANA_PACERS,74,74,1.0,28.64,2119,984,13.3,0.49,380,780,76,0.74,148,201,531,7.18,115,1.55,60,0.81,199,2.69,1.15
udohek01,Ekpe Udoh,[<Position.CENTER: 'CENTER'>],31,Team.UTAH_JAZZ,51,1,0.02,6.27,320,119,2.33,0.69,50,72,0,0.63,19,30,90,1.76,28,0.55,10,0.2,31,0.61,2.15
ulisty01,Tyler Ulis,[<Position.POINT_GUARD: 'POINT GUARD'>],23,Team.CHICAGO_BULLS,1,0,0.0,1.0,1,0,0.0,0,0,0,0,0,0,0,0,0.0,0,0.0,0,0.0,0,0.0,0
valanjo01,Jonas Valančiūnas,[<Position.CENTER: 'CENTER'>],26,Team.TORONTO_RAPTORS,49,27,0.55,22.27,1091,763,15.57,0.56,301,538,14,0.79,147,185,419,8.55,70,1.43,19,0.39,53,1.08,0.78
vandeja01,Jarred Vanderbilt,[<Position.POWER_FORWARD: 'POWER FORWARD'>],19,Team.DENVER_NUGGETS,17,0,0.0,4.06,69,24,1.41,0.47,9,19,0,0.6,6,10,23,1.35,3,0.18,6,0.35,1,0.06,0.38
vanvlfr01,Fred VanVleet,[<Position.POINT_GUARD: 'POINT GUARD'>],24,Team.TORONTO_RAPTORS,64,28,0.44,27.5,1760,701,10.95,0.41,246,600,112,0.84,97,115,167,2.61,307,4.8,57,0.89,20,0.31,3.74
vonleno01,Noah Vonleh,[<Position.POWER_FORWARD: 'POWER FORWARD'>],23,Team.NEW_YORK_KNICKS,68,57,0.84,25.32,1722,571,8.4,0.47,207,440,46,0.71,111,156,528,7.76,129,1.9,46,0.68,51,0.75,1.47
vucevni01,Nikola Vučević,[<Position.CENTER: 'CENTER'>],28,Team.ORLANDO_MAGIC,80,80,1.0,31.38,2510,1665,20.81,0.52,701,1354,84,0.79,179,227,960,12.0,307,3.84,81,1.01,89,1.11,1.93
wadedw01,Dwyane Wade,[<Position.SHOOTING_GUARD: 'SHOOTING GUARD'>],37,Team.MIAMI_HEAT,72,2,0.03,26.18,1885,1083,15.04,0.43,416,960,86,0.71,165,233,285,3.96,301,4.18,59,0.82,38,0.53,1.81
wagnemo01,Moritz Wagner,[<Position.CENTER: 'CENTER'>],21,Team.LOS_ANGELES_LAKERS,43,5,0.12,10.37,446,207,4.81,0.42,71,171,22,0.81,43,53,85,1.98,24,0.56,11,0.26,13,0.3,0.62
waitedi01,Dion Waiters,[<Position.SHOOTING_GUARD: 'SHOOTING GUARD'>],27,Team.MIAMI_HEAT,44,28,0.64,25.86,1138,527,11.98,0.41,198,478,109,0.5,22,44,116,2.64,121,2.75,29,0.66,9,0.2,1.89
walkeke02,Kemba Walker,[<Position.POINT_GUARD: 'POINT GUARD'>],28,Team.CHARLOTTE_HORNETS,82,82,1.0,34.91,2863,2102,25.63,0.43,731,1684,260,0.84,380,450,361,4.4,484,5.9,102,1.24,34,0.41,2.29
walkelo01,Lonnie Walker,[<Position.SHOOTING_GUARD: 'SHOOTING GUARD'>],20,Team.SAN_ANTONIO_SPURS,17,0,0.0,6.94,118,45,2.65,0.35,16,46,5,0.8,8,10,17,1.0,9,0.53,7,0.41,3,0.18,2.25
walljo01,John Wall,[<Position.POINT_GUARD: 'POINT GUARD'>],28,Team.WASHINGTON_WIZARDS,32,32,1.0,34.5,1104,663,20.72,0.44,245,552,51,0.7,122,175,116,3.62,279,8.72,49,1.53,29,0.91,2.31
wallaty01,Tyrone Wallace,[<Position.POINT_GUARD: 'POINT GUARD'>],24,Team.LOS_ANGELES_CLIPPERS,62,0,0.0,10.13,628,218,3.52,0.42,92,217,4,0.53,30,57,101,1.63,42,0.68,21,0.34,7,0.11,1.17
wanambr01,Brad Wanamaker,[<Position.POINT_GUARD: 'POINT GUARD'>],29,Team.BOSTON_CELTICS,36,0,0.0,9.53,343,140,3.89,0.48,50,105,16,0.86,24,28,41,1.14,56,1.56,12,0.33,2,0.06,2.95
warretj01,T.J. Warren,[<Position.SMALL_FORWARD: 'SMALL FORWARD'>],25,Team.PHOENIX_SUNS,43,36,0.84,31.63,1360,772,17.95,0.49,297,611,77,0.81,101,124,174,4.05,64,1.49,51,1.19,29,0.67,1.23
washbju01,Julian Washburn,[<Position.SMALL_FORWARD: 'SMALL FORWARD'>],27,Team.MEMPHIS_GRIZZLIES,18,3,0.17,14.11,254,40,2.22,0.33,16,48,5,0.75,3,4,41,2.28,14,0.78,13,0.72,2,0.11,2.0
watanyu01,Yuta Watanabe,[<Position.SMALL_FORWARD: 'SMALL FORWARD'>],24,Team.MEMPHIS_GRIZZLIES,15,0,0.0,11.6,174,39,2.6,0.29,15,51,2,0.7,7,10,31,2.07,8,0.53,4,0.27,1,0.07,1.33
welshth01,Thomas Welsh,[<Position.CENTER: 'CENTER'>],22,Team.DENVER_NUGGETS,11,0,0.0,3.27,36,18,1.64,0.54,7,13,3,0.5,1,2,4,0.36,5,0.45,0,0.0,0,0.0,5.0
westbru01,Russell Westbrook,[<Position.POINT_GUARD: 'POINT GUARD'>],30,Team.OKLAHOMA_CITY_THUNDER,73,73,1.0,36.03,2630,1675,22.95,0.43,630,1473,119,0.66,296,451,807,11.05,784,10.74,142,1.95,33,0.45,2.41
whitede01,Derrick White,[<Position.POINT_GUARD: 'POINT GUARD'>],24,Team.SAN_ANTONIO_SPURS,67,55,0.82,25.79,1728,663,9.9,0.48,260,543,48,0.77,95,123,247,3.69,263,3.93,67,1.0,47,0.7,2.71
whiteok01,Okaro White,[<Position.POWER_FORWARD: 'POWER FORWARD'>],26,Team.WASHINGTON_WIZARDS,3,0,0.0,2.0,6,0,0.0,0.0,0,2,0,0,0,0,2,0.67,0,0.0,0,0.0,0,0.0,0
whiteha01,Hassan Whiteside,[<Position.CENTER: 'CENTER'>],29,Team.MIAMI_HEAT,72,53,0.74,23.25,1674,887,12.32,0.57,388,680,2,0.45,109,243,817,11.35,56,0.78,46,0.64,136,1.89,0.58
wiggian01,Andrew Wiggins,[<Position.SMALL_FORWARD: 'SMALL FORWARD'>],23,Team.MINNESOTA_TIMBERWOLVES,73,73,1.0,34.84,2543,1321,18.1,0.41,498,1209,118,0.7,207,296,352,4.82,184,2.52,70,0.96,48,0.66,1.33
willial03,Alan Williams,[<Position.POWER_FORWARD: 'POWER FORWARD'>],26,Team.BROOKLYN_NETS,5,0,0.0,5.2,26,18,3.6,0.62,8,13,0,0.5,2,4,19,3.8,3,0.6,1,0.2,0,0.0,3.0
willicj01,C.J. Williams,[<Position.SHOOTING_GUARD: 'SHOOTING GUARD'>],28,Team.MINNESOTA_TIMBERWOLVES,15,0,0.0,8.53,128,39,2.6,0.49,17,35,5,0.0,0,1,8,0.53,12,0.8,6,0.4,0,0.0,2.4
willijo04,Johnathan Williams,[<Position.CENTER: 'CENTER'>],23,Team.LOS_ANGELES_LAKERS,24,0,0.0,15.5,372,157,6.54,0.59,65,110,0,0.56,27,48,99,4.12,13,0.54,8,0.33,7,0.29,0.81
willike04,Kenrich Williams,[<Position.SMALL_FORWARD: 'SMALL FORWARD'>],24,Team.NEW_ORLEANS_PELICANS,46,29,0.63,23.46,1079,279,6.07,0.38,107,279,52,0.68,13,19,219,4.76,83,1.8,45,0.98,19,0.41,2.31
willilo02,Lou Williams,[<Position.SHOOTING_GUARD: 'SHOOTING GUARD'>],32,Team.LOS_ANGELES_CLIPPERS,75,1,0.01,26.57,1993,1498,19.97,0.43,484,1138,105,0.88,425,485,222,2.96,402,5.36,57,0.76,11,0.15,2.22
willima02,Marvin Williams,[<Position.POWER_FORWARD: 'POWER FORWARD'>],32,Team.CHARLOTTE_HORNETS,75,75,1.0,28.44,2133,756,10.08,0.42,275,652,140,0.77,66,86,407,5.43,92,1.23,71,0.95,61,0.81,1.96
williro04,Robert Williams,[<Position.CENTER: 'CENTER'>],21,Team.BOSTON_CELTICS,32,2,0.06,8.84,283,81,2.53,0.71,36,51,0,0.6,9,15,81,2.53,7,0.22,9,0.28,40,1.25,0.7
willitr02,Troy Williams,[<Position.SMALL_FORWARD: 'SMALL FORWARD'>],24,Team.SACRAMENTO_KINGS,21,0,0.0,14.86,312,111,5.29,0.45,44,98,14,0.6,9,15,59,2.81,11,0.52,10,0.48,8,0.38,1.22
wilsodj01,D.J. Wilson,[<Position.POWER_FORWARD: 'POWER FORWARD'>],22,Team.MILWAUKEE_BUCKS,48,3,0.06,18.38,882,280,5.83,0.41,104,251,46,0.55,26,47,222,4.62,52,1.08,18,0.38,20,0.42,1.62
winslju01,Justise Winslow,[<Position.SMALL_FORWARD: 'SMALL FORWARD'>],22,Team.MIAMI_HEAT,66,52,0.79,29.68,1959,830,12.58,0.43,324,749,96,0.63,86,137,355,5.38,282,4.27,72,1.09,19,0.29,1.99
woodch01,Christian Wood,[<Position.POWER_FORWARD: 'POWER FORWARD'>],23,Team.MILWAUKEE_BUCKS,21,2,0.1,11.95,251,172,8.19,0.52,61,117,9,0.73,41,56,83,3.95,8,0.38,7,0.33,10,0.48,0.47
wrighde01,Delon Wright,[<Position.POINT_GUARD: 'POINT GUARD'>],26,Team.TORONTO_RAPTORS,75,13,0.17,22.65,1699,653,8.71,0.43,242,558,50,0.79,119,150,266,3.55,248,3.31,88,1.17,30,0.4,3.22
yabusgu01,Guerschon Yabusele,[<Position.POWER_FORWARD: 'POWER FORWARD'>],23,Team.BOSTON_CELTICS,41,1,0.02,6.12,251,94,2.29,0.45,35,77,9,0.68,15,22,53,1.29,15,0.37,8,0.2,7,0.17,1.0
youngni01,Nick Young,[<Position.SHOOTING_GUARD: 'SHOOTING GUARD'>],33,Team.DENVER_NUGGETS,4,0,0.0,9.25,37,9,2.25,0.33,3,9,3,0,0,0,1,0.25,2,0.5,0,0.0,1,0.25,1.0
youngth01,Thaddeus Young,[<Position.POWER_FORWARD: 'POWER FORWARD'>],30,Team.INDIANA_PACERS,81,81,1.0,30.73,2489,1024,12.64,0.53,443,841,51,0.64,87,135,523,6.46,204,2.52,123,1.52,36,0.44,1.66
youngtr01,Trae Young,[<Position.POINT_GUARD: 'POINT GUARD'>],20,Team.ATLANTA_HAWKS,81,81,1.0,30.9,2503,1549,19.12,0.42,525,1256,156,0.83,343,414,301,3.72,653,8.06,72,0.89,15,0.19,2.12
zelleco01,Cody Zeller,[<Position.CENTER: 'CENTER'>],26,Team.CHARLOTTE_HORNETS,49,47,0.96,25.37,1243,497,10.14,0.55,190,345,6,0.79,111,141,333,6.8,102,2.08,38,0.78,41,0.84,1.65
zellety01,Tyler Zeller,[<Position.CENTER: 'CENTER'>],29,Team.ATLANTA_HAWKS,6,1,0.17,15.5,93,46,7.67,0.53,16,30,0,0.78,14,18,24,4.0,4,0.67,1,0.17,3,0.5,1.0
zizican01,Ante Žižić,[<Position.CENTER: 'CENTER'>],22,Team.CLEVELAND_CAVALIERS,59,25,0.42,18.34,1082,459,7.78,0.55,183,331,0,0.7,93,132,320,5.42,53,0.9,13,0.22,22,0.37,0.87
zubaciv01,Ivica Zubac,[<Position.CENTER: 'CENTER'>],21,Team.LOS_ANGELES_LAKERS,59,37,0.63,17.63,1040,525,8.9,0.56,212,379,0,0.8,101,126,362,6.14,63,1.07,14,0.24,51,0.86,0.9
